Acura MDX 3,5i (5АКПП) AWD :13,1
Acura MDX 3,7i (5АКПП) AWD :13,5
Alfa Romeo 146 1,4i:6,9
Alfa Romeo 146 1,6i :7,1
Alfa Romeo 147 1,6iTS :8,3
Alfa Romeo 147 2,0i :8,5
Alfa Romeo 156 1,8i :7,9
Alfa Romeo 156 1,9GTD :6,4
Alfa Romeo 156 2,0i T. Spark:8,6
Alfa Romeo 156 2,4JTD :7,9
Alfa Romeo 164 2,0i Twin Spark:8,2
Alfa Romeo 164L 3,0i:12,1
Alfa Romeo 166 2,4JTD :8,6
Alfa Romeo 166 3,2i :11,9
Alfa Romeo Crosswagon 1,9JTD 4х4 :8,1
Alfa Romeo Sport Wagon 1,3i:8,1
Audi 100 1,8 :9,1
Audi 100 1,8i :10,5
Audi 100 2,0 :9,8
Audi 100 2,0i :10,8
Audi 100 2,0i:9,7
Audi 100 2,2i :10
Audi 100 2,2i Quattro :11,2
Audi 100 2,2Ti Quattro S4 :13,1
Audi 100 2,3i :10,1
Audi 100 2,3i :12
Audi 100 2,3i Quattro :10,9
Audi 100 2,4D :8,3
Audi 100 2,5TDi :7,1
Audi 100 2,6i :11,2
Audi 100 2,6i Quattro :12,1
Audi 100 2,8i :11,4
Audi 100 Avant 2,5 TDi :8,2
Audi 100 Avant 2,5 TDi :8,6
Audi 100CC 2,0TD:7,1
Audi 200 2,2Ti :10,5
Audi 200 2,2Ti Avant Quattro :12,2
Audi 80 1,6 :7,9
Audi 80 1,6D :6,7
Audi 80 1,6TD :6,7
Audi 80 1,8 :9,4
Audi 80 1,8S:8,6
Audi 80 1,9 :9,3
Audi 80 1,9i :8,9
Audi 80 1,9TDi :6,9
Audi 80 2,0i :10,3
Audi 80 2,0i :8,9
Audi 80 2,2Ti Quattro:12,5
Audi 80 2,3i:10,2
Audi 80 2,6E :10,3
Audi 80 1,8 Quattro :9,4
Audi 80 В4 1,9TDi :6,8
Audi 90 2,0i:8,9
Audi 90 2,2i :9
Audi 90 2,3i :10,2
Audi A3 1,6i :7,4
Audi A3 1,8T :8,8
Audi A4 1,6i :8,2
Audi A4 1,8i :8,5
Audi A4 1,8T :9,3
Audi A4 1,8T Quattro:10,5
Audi A4 1,8TFSi :9
Audi A4 1,8T:9,5
Audi A4 1,9TDi:7
Audi A4 1,9TDi :6,5
Audi A4 2,0i :8,6
Audi A4 2,0TDi :6,7
Audi A4 2,0TFSi :8,9
Audi A4 2,4i :10,6
Audi A4 2,5TDi :8,2
Audi A4 2,6i :10,3
Audi A4 2,8i Quattro :12,8
Audi A4 2,8i Quattro :13,1
Audi A6 1,8i :8,6
Audi A6 1,8T :10,5
Audi A6 1,8T Quattro :10,9
Audi A6 1,9TDi :6,2
Audi A6 1,9TDi :6,5
 Audi A6 1,9TDi :6,6
Audi A6 1,9TDi :6,8
Audi A6 2,0i :8,9
Audi A6 2,0i:9,5
Audi A6 2,0TDi :7,1
Audi A6 2,0TFSi :9,3
Audi A6 2,4i :13,7
Audi A6 2,4i :10,6
Audi A6 2,4i :11,2
Audi A6 2,4i Quattro :13,9
Audi A6 2,4i Quattro :11,1
Audi A6 2,5TDi :8,6
Audi A6 2,5TDi :8,7
Audi A6 2,5TDi (6АКПП) :9,1
Audi A6 2,5TDi :9,3
Audi A6 2,6i :12,9
Audi A6 2,6i Quattro :13,3
Audi A6 2,6i Quattro :14,1
Audi A6 2,7TDi :8,4
Audi A6 2,7Ti Quattro :12,5
Audi A6 2,8FSi :12
Audi A6 2,8FSi :11,1
Audi A6 2,8FSi (6АКПП) :12,4
Audi A6 2,8FSi (6АКПП) :13,3
Audi A6 2,8FSi (7АКПП) :11,8
Audi A6 2,8FSi (7АКПП) :11,7
Audi A6 2,8i:12,8
Audi A6 2,8i Quattro :14,2
Audi A6 3,0i :11
Audi A6 3,0i Quattro :13,6
Audi A6 3,0TDi (6АКПП) Quattro :9
Audi A6 3,0TDi Quattro :8,1
Audi A6 3,0TFSi (6АКПП) Quattro :12,2
Audi A6 3,2FSi :12,4
Audi A6 3,2FSi Quattro :12,8
Audi A6 4,2FSi (6АКПП) Quattro :14,3
Audi A6 4,2i Quattro :15,9
Audi A6 Allroad 2,7Ti Quattro :12,5
Audi A6 Avant 2,4i Quattro :13,1
Audi A6 Lim 2,7Ti (5АКПП) Quattro :13,1
Audi A8 2,5TDi Quattro :9,7
Audi A8 2,8i :12,3
Audi A8 2,8i Quattro :13,3
Audi A8 2,8i Quattro :12,9
Audi A8 2,8i V5 Quattro :12,9
Audi A8 3,0TDi (6АКПП) Quattro :9,5
Audi A8 3,2FSi (6АКПП) Quattro:12,5
Audi A8 3,3TDi Quattro :9,8
Audi A8 3,7i :13,4
Audi A8 3,7i Quattro :13,7
Audi A8 3,7i Quattro :13,7
Audi A8 4,0TDi (6АКПП) Quattro :10,6
Audi A8 4,2FSi (6АКПП) Quattro:15
Audi A8 4,2i Quattro :16,2
Audi A8 4,2i Quattro :16,2
Audi A8 4,2i Quattro :13,6
Audi A8 4,2TDi Quattro :10,9
Audi A8L 4,2FSi (6АКПП) Quattro :15,1
 udi A8L 4,2TDi Quattrro :10,9
Audi A8L 6,0i Quattro :16,6
Audi Allroad 2,0TDi Quattro :7,5
Audi Allroad 2,5TDi (5АКПП) :10,3
Audi Allroad 2,5TDi Quattro :9,3
Audi Allroad 2,7Ti (5АКПП) Quattro :13,3
Audi Q5 2,0TFSi (7АКПП) Quattro :11,4
Audi Q7 3,0TDi (6АКПП) Quattro :12,2
Audi Q7 3,0TDi Quattro :11,3
 udi Q7 3,6FSi (6АКПП) Quattro :14,3
Audi Q7 4,2FSi Quattro :15,1
Audi Q7 4,2TDi (6АКПП) Quattro :14,1
Audi S8 4,2i 4WD :16,2
Audi V8 3,5i Quattro :13,5
Bentley Continental GT 6,0i (6АКПП) :19,4
BMW 120d 2,0TD (6АКПП) :6,3
BMW 316 1,8i :9,2
BMW 316i :8,7
BMW 316i :9,5
BMW 318 :9,3
 MW 318 1,7TDS :6,5
BMW 318i :10,5
BMW 318iS :10,5
 MW 320D :8,6
BMW 320i :11,6
BMW 320i 2,0i (5АКПП) :10,6
 MW 323i:10,8
BMW 324D :8,8
BMW 325 2,5i (5АКПП) :11
BMW 325 TDS :8,1
BMW 325i :10,5
BMW 328 3,0i (6АКПП):10,3
BMW 330xi 3,0i 4WD :10,9
BMW 518i :9,3
 MW 520d 2,0d :6,7
BMW 520i :9,5
BMW 520i :10,8
BMW 520i :11,2
BMW 520Ti :11,7
BMW 523i 2,5i :11,3
BMW 524D :8,8
BMW 524D 2,4TD :7,4
BMW 525 TD :9,8
BMW 525d 2,5TD :7,6
BMW 525d 2,5TD (5АКПП) :8,2
BMW 525d 2,5TDS (6АКПП) :8,6
BMW 525i :11,3
BMW 525i :12,5
BMW 525i 2,5i :12,8
BMW 525i 2,5i :13,2
BMW 525i 2,5i (6АКПП) :12,8
BMW 528i :12,4
BMW 530d 3,0d (6АКПП) :8,6
BMW 530d 3,0TD (5АКПП) :9,2
BMW 530d 3,0TDi (5AКПП) :9,2
BMW 530d GT 3,0d (8АКПП) :8,6
BMW 530i :12,7
BMW 530i :10,9
BMW 530i 3,0i :11,4
BMW 530i 3,0i (6АКПП) :11,3
BMW 530xi 3,0i 4WD :11,2
BMW 535i :11,6
BMW 535i 3,5i :11,2
BMW 540i:15,2
BMW 545i 4,4i (6АКПП) :12,9
BMW 633i :11,2
BMW 645Ci 4,4i (6АКПП):13,6
BMW 650i (6АКПП):13,8
BMW 725 2,5TDS :7,9
BMW 728i :11,6
BMW 730d 3,0TD :9,5
BMW 730d 3,0TD (5АКПП) :9,7
BMW 730d 3,0TD (6АКПП) :10,1
BMW 730d 3,0TDi (6AКПП) :10,5
BMW 730i:12,8
BMW 735i :13,1
BMW 735i  :12,4
BMW 735iA 3,6i (6АКПП) :12,5
BMW 735iL :13,4
BMW 740 AL:16,2
BMW 740d 4,0TD (5АКПП) :11,2
BMW 740d 4,0TD (6АКПП) :10,5
BMW 740i :15,5
BMW 740i 3,0i (6АКПП):12,3
BMW 740IL 4,4i (4АКПП) :14,5
BMW 740Li 4,0i (6АКПП):13,6
BMW 745d 4,4TD (6АКПП) :10,9
BMW 745Li :13,8
BMW 750i :16,3
BMW 750i 4,8i (6АКПП) :13,8
BMW 750i LA :16,3
BMW 750Li 4,4i (6АКПП) :14,5
BMW 760i 6,0i (6АКПП) :15,7
BMW M6 5,0i (7АКПП) :17,7
BMW X3 2,5i (5АКПП):13,1
BMW X3 3,0i (5АКПП) :13,3
BMW X3 3,0si (6АКПП):11,4
BMW X5 3,0D :9,5
BMW X5 3,0D (6АКПП) :9,7
BMW X5 3,0D (6АКПП) 4WD :9,7
BMW X5 3,0d (6АКПП) xDrive :9,7
BMW X5 3,0i 4WD :14,2
BMW X5 3,0Si (6АКПП) :12,1
BMW X5 4,4i :13,8
BMW X5 4,6is 4WD:15,7
BMW X5 4,8i (6АКПП) :15,8
BMW X6 3,5i (6АКПП) :14,7
BMW X6 30d (6АКПП) xDrive :9,9
BMW X6 35i 3,0i (6АКПП) xDrive:13,3
BMW X6 50i 4,4i (6АКПП) xDrive :16,6
Buick Enclave 3,6i (6АКПП) 4WD:14,3
Cadillac BLS 1,9TD :8,6
Cadillac BLS 1,9TD (6АКПП) :9
Cadillac CTS 3,6i (6АКПП):11,3
Cadillac CTS 3,6i (6АКПП) 4WD :12,4
Cadillac DeVille DTS 4,6i :13,7
Cadillac Eldorado 4,9i :15,2
Cadillac Escalade 6,0i 4WD:18,1
Cadillac Escalade 6,2i (6АКПП) :18,6
Cadillac Escalade 6,2i (6АКПП):18,7
Cadillac Escalade 6,2i (6АКПП) :18,7
Cadillac Seville 4,6i :15
Cadillac Seville 4,6i :15,2
Chery A5 2,0i :8,9
Chery Tiggo 1,6i :8,1
Chery Tiggo 2,0i :9,1
Chevrolet Astro 4,3i 4WD :13,8
Chevrolet Aveo 1,2i :6,6
Chevrolet Aveo 1,4i :6,7
Chevrolet Aveo 1,4i:6,8
Chevrolet Blaser 2,8i 4WD :12,9
Chevrolet Blaser 4,3i :14,4
Chevrolet Blazer 4,3i :16,7
Chevrolet Captiva 3,2i (5АКПП) AWD :12,4
Chevrolet Cavaler 2,2i :9
Chevrolet Chevy Van 5,7i :16,2
Chevrolet Egvinox 3,4i 4WD:11,9
Chevrolet Epica 2,0i:9,5
Chevrolet Epica 2,5i (5АКПП) :10,9
Chevrolet Evanda 2,0i :9,1
Chevrolet Explorer 5,4i (5АКПП) AWD :16,9
Chevrolet Explorer (Conversion Van) 5,3i AWD :8,6
Chevrolet Express 5,7i :18,5
Chevrolet Lacetti 1,4i :7,6
Chevrolet Lacetti 1,6i :7,6
Chevrolet Lacetti 1,8i :8,2
Chevrolet Lumina 3,2i :12,5
Chevrolet Lumina 3,1 APV :12,8
Chevrolet Malibu 2,4i :10,3
Chevrolet Niva (ВАЗ-212300, дв. ВАЗ-2123):11,5
Chevrolet Niva 2123 GLL (дв. ВАЗ2123):9,6
Chevrolet Niva 212300 (дв. ВАЗ-2123) :9,6
Chevrolet Niva 212360 1,8i (дв. Opel Z18XE) :10,3
Chevrolet Rezzo 1,6i :7,5
Chevrolet Rezzo Tacuma 1,6i :7,8
Chevrolet Spark 0,8i :5,5
Chevrolet Spark 1,0i :5,8
Chevrolet Suburban 6,0i (4АКПП ) 4WD :23,3
Chevrolet Tacuma 1,6i :7,8
Chevrolet Tahoe 5,3i (4АКПП) 4WD :14,3
Chevrolet Tahoe 5,3i 4WD :19,5
Chevrolet Tahoe 5,7i 4WD :16,6
Chevrolet Trans Sport 3,4i (4АКПП) :13,1
Chevrolet Vandura 5,7i :22,9
Chevrolet Viva 1,8i :7,6
Chrysler 300C 2,7i (4АКПП) :11,3
Chrysler 300C 3,0CRD (5АКПП) :10
Chrysler 300C 3,5i:11,8
Chrysler 300C 3,5i :11,8
Chrysler 300C Touring 5,7i (5АКПП) AWD :16,1
Chrysler 300M 2,7i :12,3
Chrysler 300M 3,5i:13,3
Chrysler Cirrus 2,5i (4АКПП) :10,6
Chrysler Concorde 3,2LXi :10,6
Chrysler Concorde 3,5i :11,9
Chrysler Grand Caravan SE 3,3i (4АКПП) :12,4
Chrysler Grand Voyager 2,4i :12,2
Chrysler Grand Voyager 2,5CRDi :8,9
Chrysler Grand Voyager 2,8CRDi :9,3
Chrysler Grand Voyager 3,3i :13,1
Chrysler Grand Voyager 3,3i:14,5
Chrysler Grand Voyager 3,3i (4АКПП) 4WD:14,3
Chrysler Grand Voyager LE 2,5TD :10,9
Chrysler Grand Voyager LE 3,8i AWD :14
Chrysler GS Grand Voyager 3,3i :12,8
Chrysler LHS 3,5i (4АКПП) :12,8
Chrysler Neon 2,0i :8,6
Chrysler Pacifica 3,5i :12,7
Chrysler Pacifica 3,5i (4АКПП) AWD:13,8
Chrysler Pacifica 4,0i (6АКПП) AWD :14
Chrysler PT Cruiser 2,0i :8,3
Chrysler Saratoga 3,0i :12,4
Chrysler Sebring 2,0LE:9,6
Chrysler Sebring 2,4i (4АКПП) :10,2
Chrysler Sebring 2,4L :10
Chrysler Sebring LX 2,7i:11,3
Chrysler Stratus 2,0i :9
Chrysler Stratus 2,5i:10,5
Chrysler Town Country 3,3i (3АКПП) :13,2
Chrysler Town Country 3,8i :14,4
Chrysler Town Country 3,8i (4АКПП) :16,6
Chrysler Town Country 3,8i (4АКПП):13,8
Chrysler Town Country 3,8i 4WD :15,3
Chrysler Vision 3,5i :13,1
Chrysler Voyager 2,0L :9,9
Chrysler Voyager 2,4i :12,1
Chrysler Voyager 2,5i :11,8
Chrysler Voyager 2,5TD LE, GS :10,9
Chrysler Voyager 2,8CRDi (4АКПП) :9,1
Chrysler Voyager 3,0i :11,2
Chrysler Voyager 3,3i (4АКПП) :13,1
Chrysler Voyager SE2,4i :10,1
Citroen AX 1,0i :6,2
Citroen Berlingo 1,4i :7,4
Citroen Berlingo 1,6HDi :6
Citroen Berlingo 1,6i :8,4
Citroen Berlingo 1,8i :8,3
Citroen Berlingo 1,9D :7,6
Citroen Berlingo MF 1,8i :8,6
Citroen Berlingo Multispace 1,6i:8,5
Citroen Berlingo SX 2,0Hdi :6,7
Citroen BX 1,4 :8,1
Citroen BX 1,6 :10,1
Citroen BX 19 1,9D :6,7
Citroen BX 2,0:10,9
Citroen C4 1,6HDi :5,4
Citroen C4 1,6i (4АКПП) :8,6
Citroen C5 1,6HDi :6,2
Citroen C5 2,0HDi :6,8
Citroen C5 2,0HDi :6,7
Citroen C5 2,0HDi (6АКПП) :7,9
Citroen C5 2,0i :9,8
Citroen C5 2,0i (4АКПП) :11,4
Citroen C5 2,2HDi :7
Citroen C5 2,2HDi:7,3
Citroen C5 2,7HDi (6АКПП) :9
Citroen C5 3,0i, Exclusive:11,2
Citroen C6 2,7HDi (6АКПП) :9,8
Citroen C6 3,0i (6АКПП) :11,9
Citroen C8 2,0HDi :7,9
Citroen C8 2,2HDi :8,3
Citroen C8 2,2i :11,2
Citroen Evasion 1,8i:9,8
Citroen Evasion 1,9TD :8,1
Citroen Evasion 2,0i :10,3
Citroen Evasion 2,0i Turbo :11,6
Citroen Evasion 2,1TDi :7,9
Citroen Jumper 1,9TD 6:9,5
Citroen Jumper 2,2HDi 7:8,9
Citroen Jumper 2,5TD 7:10,9
Citroen Jumper 33MH 2,8Hdi :10,3
Citroen Jumpy 2,0i :9,5
Citroen Jumpy 1,6Hdi L2H1 :7,9
Citroen Jumpy 1,9TD :8,6
Citroen Jumpy 2,0i 16V :9,2
Citroen Picassso C4 2,0i (6АКПП):8,8
Citroen Saxo Van 1,1i:6,4
Citroen Viza 1,3D :5,7
Citroen Xantia 1,6i :8
Citroen Xantia 1,6i:8,1
Citroen Xantia 1,8i :10,4
Citroen Xantia 1,9TD :7
Citroen Xantia 2,0HDi :6,5
Citroen Xantia 2,0i:10,8
Citroen XM 2,0i :10,5
Citroen XM 2,1TD :7,3
Citroen XM 2,5TD :7,7
Citroen XM V6 3,0i :12,7
Citroen Xsara 1,4i :7,4
Citroen Xsara 1,6i SX Break :8,3
Citroen Xsara 1,9D :6,7
Citroen Xsara 1,9TD :6,5
Citroen Xsara 2,0HDi :5,6
Citroen Xsara Exclusive 1,8i :8
Citroen Xsara Kombi 2,0HDi :6,5
Citroen Xsara Picasso 1,8i :8,7
Citroen Xsara Picasso 2,0HDi :6,5
Citroen Xsara Picasso 2,0Hdi:6
Citroen Xsara Picasso 2,0i:8,8
Citroen ZX 1,4i :7,9
Citroen ZX 1,9TD:7
Citroen ZX 2,0i  :9,7
Dacia Logan 1,4i :6,9
Dacia Logan 1,6MPi :7,6
Dacia Logan MCV 1,6MPi :8
Dacia Sandero 1,4i :6,9
Dacia Sandero 1,6MPi :7,6
Daewoo Damas 0,8i :7,8
Daewoo Espero 1,5i :8,6
Daewoo Espero 2,0i :9
Daewoo Kletn 1,5i :6,8
Daewoo Lanos 1,4i :7,4
Daewoo Lanos SE 1,5i 16V :8,5
Daewoo Leganza 2,0i :9,7
Daewoo Leganza 2,2i :10
Daewoo Matiz 0,8i :5,5
Daewoo Matiz 1,0i :6,1
Daewoo Nexia 1,5i :8
Daewoo Nexia 1,6i :8,2
Daewoo Nexia 2,0i :9,1
Daewoo Nubira 2,0i :8,9
Daewoo Prince 2,0i :9,2
Daewoo Raser 1,5 :8,6
Daewoo Tico 0,8:5
Daihatsu Charade 1,0 :6,2
Daimler Chrysler Vaneo 1,7Cdi :6,7
Dodge Avenger 2,0i (5АКПП) :9,8
Dodge Caliber 2,0i (АКПП CVT) :10,6
Dodge Caravan 2,4i :10,5
Dodge Caravan 2,4i (4АКПП) :14,1
Dodge Caravan 3,0 :12,4
Dodge Caravan 3,3i :12,4
Dodge Caravan 3,3i (4АКПП) :12,6
Dodge Caravan 3,8i 4WD :14,4
Dodge Charger SRT8 6,1i (5АКПП):15,6
Dodge Durango 4,7i (4АКПП) 4WD :14,8
Dodge Durango 5,7i (5АКПП) 4WD:16,6
Dodge Durango 5,7i (5АКПП) 4WD :16,6
Dodge Grand Caravan 3,3i :11,9
Dodge Grand Caravan 3,8i (4АКПП):12,8
Dodge Intrepid 2,7i :11,3
Dodge Intrepid 3,5i :12,4
Dodge Magnum 3,5i SXT (5АКПП):13
Dodge Neon 2,0i:8,6
Dodge RAM 1500 5,2i (5АКПП) :14,3
Dodge Shadow 2,2 :10,3
Dodge Stratus 2,4i :10
Dodge Stratus 2,7i (4АКПП):10,9
Fiat Brava 1,6i :6,8
Fiat Bravo 1,4i:7
Fiat Croma 2,0i :9,4
Fiat Croma 2,0TDiD :6,7
Fiat Croma 2,5TDi :7,7
Fiat Doblo 1,2i :6,7
Fiat Doblo 1,4i :7,5
Fiat Doblo Panorama 1,3D Multijet :6,2
Fiat Doblo Panorama 1,4i :7,8
Fiat Doblo SX 1,9D :8
Fiat Ducato 1,9TD :8,1
Fiat Ducato 2,0i :13,4
Fiat Ducato 2,5D:9
Fiat Ducato 2,5D :9
Fiat Ducato 2,8D :9,5
Fiat Ducato Camper 120 Multijet «МАЗКупава АД-6023» 2,3JTD :13,1
Fiat Ducato Vetrano 14Q 2000JTD :9,7
Fiat Fiorino 1,1 :7,3
Fiat Fiorino 1,4i :7,6
Fiat Linea 1,3JTD :5,5
Fiat Linea 1,4i :7
Fiat Marea Weekend 1,6i :8,5
Fiat Marea Weekend 1,9TD :6,2
Fiat Marea Weekend 2,0i :9,9
Fiat Multipla 1,6i :8,6
Fiat Multipla 1,9JTD :6,7
Fiat Palio Weekend 1,2i :7,8
Fiat Palio Weekend 1,6i :8
Fiat Palio Weekend 1,7TD :7,3
Fiat Punto 1,1i :7,6
Fiat Punto 1,2i :7,6
Fiat Regata 75S 1,5i:7,8
Fiat Scudo 1,6i :7,8
Fiat Scudo 1,9TD :7,7
Fiat Scudo 2,0i (4АКПП) :10,3
Fiat Scudo 2,0JTD :9,2
Fiat Stilo 1,8i :9,1
Fiat Stilo 1,9JTD :6,4
Fiat Tempra 1,4i :7,8
Fiat Tempra 1,6 :8,7
Fiat Tempra 1,9TD :6,5
Fiat Tipo 1,4i :7,7
Fiat Tipo 1,7D :5,7
Fiat Ulysse 1,9TD :7,7
Fiat Ulysse 2,0i :10,8
Fiat Ulysse 2,0i :11,8
Fiat Ulysse 2,0i :9,8
Fiat Ulysse 2,0JTD :8,1
Fiat Ulysse 2,1TDS :7,9
Ford Aerostar 4,0i 4WD :18,8
Ford C-MAX 1,6D :5,6
Ford C-MAX 1,6i :7,3
Ford C-MAX 1,8TDCi :6,2
Ford C-MAX 2,0TDCi :6,7
Ford Courier 1,4i:6,8
Ford Courier 1,8D :6,9
Ford Crown Victoria 4,6i :15,7
Ford Econoline 150 4,9i :20,6
Ford Econovan 1,4i :7,8
Ford Escape 2,0i 4WD :9,7
Ford Escape 2,4i (4АКПП) :9,8
Ford Escape 3,0i 4WD:11,9
Ford Escort 1,3 :7,6
Ford Escort 1,4i :7,6
Ford Escort 1,6 :9,1
Ford Escort 1,6D :5,7
Ford Escort 1,8D :6,7
Ford Escort 1,8i :8,8
Ford Excursion 7,3TD 4WD :18,2
Ford Expedition 5,4i (4АКПП) 4WD :16,3
Ford Explorer 4,0i :16
Ford Explorer 4,6i (5АКПП) 4WD :17,5
Ford Fiesta 1,1 :7,1
Ford Fiesta 1,3i :6,9
Ford Fiesta 1,3i :6,9
Ford Fiesta 1,4i :6,8
Ford Fiesta 1,4i :6,7
Ford Fiesta 1,6D :5,7
Ford Fiesta 1,6i :7,2
Ford Focus 1,4i :8,1
Ford Focus 1,6i :8,6
Ford Focus 1,6i, Ghia :7,5
Ford Focus 1,8i :8,8
Ford Focus 1,8TDCi :6,4
Ford Focus 1,8TDi:5,7
Ford Focus 2,0i (4АКПП) :10,1
Ford Focus 2,0i Zetec SE :8,9
Ford Focus 2,0i, Ghia :9,1
Ford Focus C-MAX 1,6i :7,5
Ford Focus C-MAX 1,8i :7,9
Ford Focus C-MAX 1,8i :8,2
Ford Focus C-MAX 2,0i :8,8
Ford Fristail 3,0i (6АКПП) :14,3
Ford Fusion 1,4i :7,4
Ford Fusion 1,6i :7,6
Ford Fusion 1,9TDCi :6,5
Ford Galaxy 1,9TDi :8,5
Ford Galaxy 1,9TDi :8,5
Ford Galaxy 2,0i :10,2
Ford Galaxy 2,0TDCi :7,8
Ford Galaxy 2,0TDCi (6АКПП) :8,4
Ford Galaxy 2,3i:12,2
Ford Galaxy 2,3i :10,6
Ford Galaxy 2,3i (6АКПП) :10,4
Ford Galaxy 2,8i :11,6
Ford Granada 1,6 :9
Ford Granada 2,0:10,6
Ford Granada 2,3 :10,9
Ford Granada 2,8i :13,1
Ford Maverick 2,3i 4WD :10,5
Ford Maverick 2,4i 4WD :10,5
Ford Maverick 2,7TD 4WD :11,4
Ford Maverick 3,0i :12,2
Ford Mondeo 1,6i :8,7
Ford Mondeo 1,8i :12
Ford Mondeo 1,8i :9,8
Ford Mondeo 1,8TD:6,8
Ford Mondeo 1,8TDCi :6,7
Ford Mondeo 2,0i :10,9
Ford Mondeo 2,0i :9,3
Ford Mondeo 2,0TDCi (6АКПП) :8,6
Ford Mondeo 2,0TDi :7,6
Ford Mondeo 2,0TDСi :7,3
Ford Mondeo 2,0TDСi (6АКПП) :8,6
Ford Mondeo 2,2TDCi:7,5
Ford Mondeo 2,3i (6АКПП) :10,3
Ford Mondeo 2,5i :13,7
Ford Mondeo 2,5T (2,5Ti):10,9
Ford Mondeo 3,0i :12,2
Ford Mondeo Core 2,0i :9,3
Ford Mustang 4,6i :13,2
Ford Orion 1,3:7,4
Ford Orion 1,6i CLX:8,8
Ford Orion 1,8D :6,7
Ford Probe 2,5i  :10,5
Ford Scorpio 2,0i :10,2
Ford Scorpio 2,3i :10,6
Ford Scorpio 2,4i:11,9
Ford Scorpio 2,5TD :8,9
Ford Scorpio 2,9i:13
Ford Scorpio GLX 2,5TD :9,6
Ford Sierra 1,6 :8,8
Ford Sierra 1,8 :9,8
Ford Sierra 1,8TD :7,9
Ford Sierra 2,0GL:10
Ford Sierra 2,0i :12,2
Ford Sierra 2,3D :7,9
Ford Sierra 2,8i :12,4
Ford S-Max 1,8TDCi:7
Ford S-Max 2,0i :9,5
Ford S-Max 2,0TDCi:7,7
Ford S-MAX 2,3i (6АКПП):10,3
Ford Sport Wagon 1,3 :8,1
Ford Taunus 1,6 :9,1
Ford Taunus 2,0 :10,9
Ford Taunus 3,0i :12,8
Ford Taunus 3,8i :14
Ford Tempo 2,3i :10,6
Ford Tourneo 1,8i :10,4
Ford Tourneo 2,5TD:10,6
Ford Tourneo Connect 1,8TDCi :6,7
Ford Tourneo T280 SWB 2,2TDCi :9,1
Ford Transit 125T280 MWB 2,0TDCi :8,9
Ford Transit 2,0 :15,2
Ford Transit 2,0 :15,7
Ford Transit 2,0Di :8,5
Ford Transit 2,0i :12,3
Ford Transit 2,0i :14,5
Ford Transit 2,0i :12,3
Ford Transit 2,5D:9,5
Ford Transit 2,5TD :10,3
Ford Transit 2,5TD :10,6
Ford Transit 2,5TDi :9,3
Ford Transit 300M 2,2TDCi :8,8
Ford Transit 330V 2,4Di :8,7
Ford Transit 85 300L 2,0Di :8,6
Ford Transit 90T330 2,4Di :8,7
Ford Transit FT 330 2,4Di :8,7
Ford Transit T330 2,2TDCi :9,1
Ford Windstar 3,8i :15,3
Ford Windstar GL 3,0i:12,5
FSO Lanos 1,4i :7,4
FSO Lanos 1,6i :7,8
Geely CK 1,3i :6,9
Geely CK 1,4i :7
Geely CK 1,5i :7,1
Geely MK 1,6i :7,9
GMC Envoy 4,2i 4WD :14,5
GMC Suburban 7,4i 4WD :22,6
Great Wall GW Peri CC7130MM02 1,3i :6,8
Great Wall Hover 2,4i :14,6
Great Wall Hover 2,8TDi 4WD :10,5
Great Wall Pegasus 2,3i :12,2
Great Wall Pegasus CC6481BY1 2,2i :12,2
Great Wall Safe 2,2i :10,5
Great Wall Safe 2,2i 4WD :11,4
Great Wall Wingle 2,8TDi 4WD :10,4
Hafei Princip Saibao 1,6i :7,6
Honda Accord 1,6 :8,7
Honda Accord 1,8i LS :9,3
Honda Accord 2,0:9,7
Honda Accord 2,0i :9,5
Honda Accord 2,0i :9,3
Honda Accord 2,0i-VTEC :8,9
Honda Accord 2,2i:10,3
Honda Accord 2,4i :9,6
Honda Accord 2,4i (5АКПП) :10,6
Honda Accord 2,4i, Executive :10,3
Honda City 1,4i:7,4
Honda Civic 1,3 :7,1
Honda Civic 1,4i:7,1
Honda Civic 1,4i:7,4
Honda Civic 1,5i :7,2
Honda Civic 1,6i :7,4
Honda Civic 1,8i:7,9
Honda Civic Hybrid 1,3i (АКПП CVT) :5
Honda Civic Shuttle 1,5 :7,6
Honda CR-V 2,0i (4АКПП) 4WD :9,8
Honda CR-V 2,0i 4WD :10,7
Honda CR-V 2,0i 4WD:9,5
Honda CR-V 2,4i (5АКПП) 4WD :11,7
Honda FR-V 1,8i (5АКПП):8,9
Honda FR-V 2,0i-VTEC :8,6
Honda HR-V 1,6i :8,2
Honda HR-V 1,6i-VTEC 4WD:8,9
Honda Jazz 1,4i (CVT) :6,5
Honda Legend 2,7i :12
Honda Legend 3,5i :13
Honda Legend 3,5i 4WD:12,2
Honda Passport 3,2i :10,6
Honda Pilot 3,5i (5АКПП) 4WD :13
Honda Pilot 3,5i 4WD:11,7
Honda Prelude 2,0i:9,8
Honda Prelude 2,0i (4АКПП):10,5
Honda Shuttle 2,2i :10
Honda Shuttle 2,2i :10
Honda Shuttle 2,3i (4АКПП) :13
Honda Stream 1,7i:8,1
Honda Stream 2,0i :9,6
Honda Stream 2,0i :9,6
Hummer H2 6,0i :17,3
Hummer H2 6,0i (4АКПП) 4WD:24,8
Hummer H3 3,5i (4АКПП) 4WD :15
Hyundai Accent 1,5i :7,9
Hyundai Accent 1,6i :8,1
Hyundai Coupe 2,7i :9,9
Hyundai Coupe FX 2,0i:9,3
Hyundai Elantra 1,6i :7,5
Hyundai Elantra 1,6i :7,1
Hyundai Elantra 1,6i (4АКПП) :7,8
Hyundai Elantra 2,0i (4АКПП) :9,1
Hyundai Galloper 2,5TD 4WD :12,1
Hyundai Galloper 2,5TD 4WD :11,9
Hyundai Galloper 3,0i 4WD :13,5
Hyundai Getz 1,5CRDi :5,6
Hyundai Getz II 1,4i :6,9
Hyundai Grandeur 2,2CRDi (5АКПП) :8,3
Hyundai Grandeur 3,3i :11,7
Hyundai Grandeur 3,3i (5АКПП) :12,5
Hyundai H-1 2,5CRDi:9
Hyundai H-1 2,5CRDi :9,4
Hyundai H-1 2,5TD :9,8
Hyundai H-1 Grand Starex 2,4i :11,9
Hyundai i30 1,6CRDi (4АКПП) :6
Hyundai i30 2,0CRDi :6,3
Hyundai ix55 3,8i (6АКПП) 4WD :13,8
Hyundai Lantra 1,5i :7,3
Hyundai Lantra 1,6i :9
Hyundai Lantra 1,8i :9,5
Hyundai Lantra 1,9D :6,6
Hyundai Matrix 1,6i :7,5
Hyundai Pony 1,5 :7,6
Hyundai Santa Fe 2,0CRDi 4WD :9,2
Hyundai Santa Fe 2,2CRDi :8,6
Hyundai Santa Fe 2,4i 4WD:10,6
Hyundai Santa Fe 2,7i (4АКПП) 4WD :12,4
Hyundai Santa Fe 2,7i 4WD :13
Hyundai Santa Fe 2,7i 4WD :11,5
Hyundai Santamo 2,0i :11,6
Hyundai Sonata 1,8i:9,5
Hyundai Sonata 2,0CRDi :7,5
Hyundai Sonata 2,0CRDi (4АКПП) :8,5
Hyundai Sonata NF 2,0CRDi VGT:7,1
Hyundai Sonata 2,0i :8,3
Hyundai Sonata 2,0i :9,7
Hyundai Sonata NF 2,0i :9,3
Hyundai Sonata NF 2,4i (5АКПП) :10,4
Hyundai Sonata 2,7i (4АКПП) :10,9
Hyundai Sonata 3,0i :12,1
Hyundai Sonata 3,3i :12,2
Hyundai Sonata IV 2,0i :9,3
Hyundai Sonata IV 2,5i (4АКПП) :10,2
Hyundai Sonata VI 2,4i :10,1
Hyundai Terracan 2,9CRDi :10,5
Hyundai Terracan 2,9TD 4WD :10,5
Hyundai Terracan 3,5i 4WD :15
Hyundai Trajet 2,0CRDi :7,1
Hyundai Trajet 2,0i :10,3
Hyundai Trajet 2,7i :10,8
Hyundai Tucson 2,0i 4WD :10,7
Hyundai Tucson 2,0TCi 4WD :7,9
Hyundai Tucson 2,0МРi 4WD :10,7
Hyundai Tucson 2,7i (4АКПП) 4WD :11,1
Hyundai Tucson 2,7i (4АКПП) AWD :11,1
Hyundai Tucson 2,7i 4WD :10,9
Hyundai XG30 3,0i :12,4
Hyundai XG350L 3,5i (5АКПП) :12,8
Infiniti FX35 3,5i (7АКПП) AWD :13,5
Infiniti FX35 3,5i (7АКПП) AWD :13,5
Infiniti FX35 AWD :12,2
Infiniti FX45 4,5i (5АКПП) AWD :13,6
Infiniti FX45 4,5i AWD:14,1
Infiniti G35 3,5i (5АКПП) :11,9
Infiniti G35 3,5i (5АКПП) :11,1
Infiniti G35 3,5i (5АКПП) :11,7
Infiniti QX4 3,5i AWD :12,2
Isuzu Midi 2,0 4WD:11,2
Isuzu Midi 2,2D :7
Isuzu Midi 2,2D:7,8
Isuzu Rodeo 3,2i 4WD :14,2
Isuzu Trooper 2,2D 4WD:8,2
Isuzu Trooper 2,6i 4WD :12,1
Isuzu Trooper 2,8TD 4WD :10,3
Isuzu Trooper 3,0TD :11,4
Isuzu Trooper 3,1 TD LS 4WD :11,7
Isuzu Trooper 3,2i 4WD :14,7
Iveco Turbo Daily 40.10 4WD :10,8
JAC HFC 6451 2,4i :10,6
JAC MPV HFC-6470 2,4i :11,4
Jaguar AJ6 3,6i :12,2
Jaguar Daimler XJ12 5,3i (3АКПП) :16
Jaguar Sovereign 4,0i (4АКПП) :14,2
Jaguar S-Type 3,0i:14,2
 Jaguar XJ6 3,2i:14,3
 Jeep Cherokee 2,1 TD :7,6
 Jeep Cherokee 2,5i 4WD :12,8
 Jeep Cherokee 2,5TD 4WD :10,2
 Jeep Cherokee 4,0 :15,3
 Jeep Commander 3,0CRD (5АКПП):10,9
 Jeep Grand Cherokee 2,7CRD 4WD:11,7
 Jeep Grand Cherokee 3,0CRD, PREMIUM :10,3
 Jeep Grand Cherokee 3,1 TD 4WD :12,4
 Jeep Grand Cherokee 3,7i (5АКПП) 4WD :13,3
 Jeep Grand Cherokee 4,0i 4WD:14,1
 Jeep Grand Cherokee 4,7i (5АКПП) :15,6
 Jeep Grand Cherokee 4,7i 4WD :15,8
Jeep Patriot 2,4i :8,5
Jeep Wrangler Sport 2,4i :11,2
 Kia Capital GLX 1,5 :8,2
Kia Carens 1,8i :8,6
 Kia Carens 2,0CRDi :7,4
Kia Carens 2,0CRDi :7,6
Kia Carens 2,0i :9,1
 Kia Carnival 2,9CRDi :9,3
 Kia Cee’d 1,4i:7
 Kia Cee’d 1,6CRDi :5,7
 Kia Cee’d 1,6i :7,7
Kia Cee’d 1,6i (4АКПП) :8,1
Kia Cee’d 2,0i (4АКПП) :8,6
 Kia Cerato 1,6CRDi :5,7
Kia Cerato 1,6i:7,6
Kia Cerato 2,0i :9
Kia Clarus 1,8i :8,4
 Kia Clarus GLX 2,0i :9,5
 Kia Joice 2,0i :8,8
Kia Magentis 2,0CRDi :6,7
 Kia Magentis 2,0i :9,1
 Kia Magentis 2,0i :9,3
 Kia Magentis 2,7i (5АКПП) :11,2
Kia Opirus 3,5i :12,5
 Kia Opirus 3,8i (5АКПП) :12,2
Kia Pregio 2,7D :9,9
Kia Pride 5CD :7,1
 Kia Rio 1,4i :7,4
 Kia Rio 1,4i (4АКПП) :7,9
Kia Rio 1,5CRDi :5,5
 Kia Rio 1,6-CVVT:7,7
 Kia Sephia 1,5i :7,9
 Kia Sorento 2,4i 4WD:12,5
 Kia Sorento 2,5CRDi (5АКПП) 4WD :9,7
 Kia Sorento 2,5CRDi 4WD :8,9
 Kia Sorento 2,5TDi 4WD :8,9
Kia Sorento 3,5i (5АКПП) AWD:15,7
 Kia Sportage 2,0CRDi (4АКПП) 4WD:8,9
 Kia Sportage 2,0CRDi 4WD :7,2
 Kia Sportage 2,0i 4WD :11,4
 Kia Sportage 2,0i 4WD:11,5
Kia Sportage 2,2D 4WD :8,9
Kia Sportage 2,7i (4АКПП) :11,7
Lancia Dedra 1,6i:8
Lancia Kappa 2,0i :9,8
 Lancia Kappa 2,4i :10,8
 Lancia Kappa 2,4i:11,9
 Lancia Kappa 2,4TD :9,1
 Lancia Lybra 1,8i :8,8
 Lancia Lybra 1,9JTD:6,5
 Lancia Lybra 2,0i :10,1
 Lancia Prisma 2,0D :6,8
 Lancia Thema 2,0i 16V :9,7
Lancia Thema 3,0i :11,4
 Lancia Z 2,1TD :8,1
Land Rover Defender 110 2,5TD 4WD  :10,3
Land Rover Defender 2,5TD 4WD :10,3
Land Rover Discovery 2,5TDi 4WD:10,5
Land Rover Discovery 3 2,7TD (6АКПП) 4WD :10,7
Land Rover Discovery 3 4,4i (6АКПП) 4WD :16
Land Rover Discovery 3,5 4WD:13,4
Land Rover Discovery 3,9i 4WD :18,5
Land Rover Freelander 1,8i 4WD:10,3
Land Rover Freelander 2 TD4 SE 2,2TD (6АКПП) 4WD :9,7
Land Rover Freelander 2,0Di 4WD:9,6
Land Rover Freelander 2,5i (5АКПП) 4WD :12,9
Land Rover Range Rover 3,9i 4WD:14,8
Land Rover Range Rover Sport 2,7TD (6АКПП) 4WD :11,4
Land Rover Range Rover Sport Supercharged 4,2i (6АКПП) 4WD :18,8
Land Rover Range Rover V8SC 4,2i (6АКПП) 4WD :18,3
Land Rover Range Rover Vogue Diesel TDV8 AT 3,6TD (6АКПП) 4WD :12,8
Land Rover Range Rover Westminster 5,0i (6АКПП) AWD :17,6
Lexus ES300 :11,4
Lexus ES300 3,0i (5АКПП) :12,7
Lexus ES330 3,3i (5АКПП):10,3
Lexus ES350 3,5i (6АКПП) :10,5
Lexus GS300 :10
Lexus GS300 :11,9
Lexus GS350 3,5i (6АКПП) 4WD :11,2
Lexus GS350 3,5i (6АКПП) 4WD :12
Lexus GS400 :13,3
Lexus GX470 4WD :13,6
Lexus IS 200 :9,9
Lexus IS250 2,5i (6АКПП) 4WD:10,7
Lexus IS300 3,0i (5АКПП) :12,7
Lexus IS350 3,5i (6АКПП) :13,4
Lexus LS400 :12,6
Lexus LS430:12,5
Lexus LS460 4,6i (8АКПП):14,2
Lexus LS460L 4,6i (8АКПП) :14,7
Lexus LS570 5,7i (6АКПП):17,1
Lexus LS600HL 5,0i (8АКПП) AWD:10,4
Lexus LX570 5,7i (6АКПП):16,7
Lexus RX300 4WD (4АКПП) :12,4
Lexus RX300 4WD :12,5
Lexus RX330 3,3i (4АКПП, -5АКПП):13,1
Lexus RX350 3,5i (5АКПП) :13,3
Lexus SC430 4,3i (5АКПП):14,3
Lincoln Limo 5,0i :16,6
Lincoln Mark VIII 4,6i :15,2
Lincoln Navigator 5,4i 4WD:18,8
Lincoln Town Car 4,6i:14,2
Maserati Quattroporte S 4,7i (6АКПП):16,4
Mazda 121 1,3i :7
Mazda 2 1,5i :5,9
Mazda 3 1,4i :7,1
Mazda 3 1,6i :7,6
Mazda 3 1,6i :7,6
Mazda 3 2,0i :8,6
Mazda 323 1,3i :7,1
Mazda 323 1,5i :7,8
Mazda 323 1,6i:7,9
Mazda 323 1,7D :6,5
Mazda 323 1,8i:8
Mazda 323 1,8i 16V :8,6
Mazda 323F 1,5i :7,4
Mazda 323F 1,6i :8
Mazda 323F 1,8i :8,3
Mazda 5 2,0i :10
Mazda 5 2,3i :10,5
Mazda 6 1,8i :9,2
Mazda 6 2,0CiTD:6,8
Mazda 6 2,0i:9,3
Mazda 6 2,0i :9,3
Mazda 6 2,0i  :9,3
Mazda 6 2,3i :9,5
Mazda 6 2,5i :10,5
Mazda 6 3,0i (5АКПП) :11,4
Mazda 6 MPS 2,3DISI Turbo 4WD :12,2
Mazda 626 1,8i :8,2
Mazda 626 1,8i :11
Mazda 626 2,0D :6,7
Mazda 626 2,0i :8,5
Mazda 626 2,0i :9,3
Mazda 626 2,2i :8,8
Mazda 626 2,5i :10,9
Mazda 626 GF 1,8i 16V:8,7
Mazda 929 2,0 :8,6
Mazda CX-7 2,3Ti (6АКПП) 4WD :12,2
Mazda CX-9 3,5i (6АКПП) :13,5
Mazda Demio 1,3i :7,1
Mazda E 2000 2,0 :10,9
Mazda E 2200 2,2D:8,8
Mazda Millenia 2,3Ti :10,1
Mazda Millenia 2,5i :11,3
Mazda MPV 2,0CD:7,6
Mazda MPV 2,0DiTD :7,6
Mazda MPV 2,0i :10,9
Mazda MPV 2,0i, Exclusive :10,9
Mazda MPV 2,3i, Exclusive:11,8
Mazda MPV 2,5i:11,7
Mazda MPV 2,5i (4АКПП):11,6
Mazda MPV 2,5TDi :9,3
Mazda MPV 3,0i (5АКПП) :14,3
Mazda MPV Sport 3,0i :12,4
Mazda MX-3 1,8i :8,6
Mazda Premacy 1,8i (дв. CE04D16):8,7
Mazda Premacy 2,0TDi :6,7
Mazda Premacy Facelift 2,0iMT :9,2
Mazda Protege 1,6i :7,6
Mazda Tribute 2,0i 4WD :11,4
Mazda Tribute 2,3i (АКПП) :10
Mazda Tribute 3,0i 4WD:13,6
Mazda Xedos 6 2,0i :9,5
Mazda Xedos 9 2,5i :11,3
Mazda Xedos 9 2,5i :11,7
Mazda Xedos 9T 2,3i :11,2
Mazda Xedos 9TA 2,0i :8,5
Mercedes Benz 100D :10
Mercedes Benz 100D 2,4D :9,8
Mercedes Benz 190 2,0D:7,4
Mercedes Benz 190 2,0i :8,6
Mercedes Benz 190 2,5D :8,3
Mercedes Benz 190E 1,8i:8,5
Mercedes Benz 190E 2,6i :10,5
Mercedes Benz 200 :8,7
Mercedes Benz 200C :9,9
Mercedes Benz 200D :8,4
Mercedes Benz 208D :8,9
Mercedes Benz 208D 2,1CDi «Sprinter» :10
Mercedes Benz 208D 2,3D «Sprinter»:8,9
Mercedes Benz 210:13,2
Mercedes Benz 211 2,2CDi «Sprinter»:8,6
Mercedes Benz 211CDi 2,1CDi «Sprinter» :10
Mercedes Benz 212D:10,2
Mercedes Benz 212D 2,9TD «Sprinter»:10,4
Mercedes Benz 212D 2,9TDi «Sprinter»:10,4
Mercedes Benz 213CDi 2,2CDi «Sprinter» :9,5
Mercedes Benz 213CDi 2,2CDi «Sprinter» :9,6
Mercedes Benz 230 :11,4
Mercedes Benz 230E :11,9
Mercedes Benz 230GE 2,3i :14,1
Mercedes Benz 240 2,6i :11,8
Mercedes Benz 240D:8,7
Mercedes Benz 250D :8,6
Mercedes Benz 260 :12,6
Mercedes Benz 260E :12,2
Mercedes Benz 300 3,2i :13,2
Mercedes Benz 300D :8,9
Mercedes Benz 300D Turbo :9,5
Mercedes Benz 300E 3,0i :13,8
Mercedes Benz 300E 4Matic :12,7
Mercedes Benz 300SE 2,8i :13,6
Mercedes Benz 300SE 3,2i :12,8
Mercedes Benz 300TE :12,5
Mercedes Benz 313CDi «Sprinter» 2,1Cdi (дв. ОМ611 Dela) :9,8
Mercedes Benz 316CDi «Sprinter» :11,1
Mercedes Benz 316CDi «Sprinter» 2,7CDi 4WD :11,9
Mercedes Benz 350 3,5TD:10,6
Mercedes Benz 350E 3,5i 4Matic:12,6
Mercedes Benz 380SE 3,8i :12,4
Mercedes Benz 430E :14,1
Mercedes Benz 500E :15,2
Mercedes Benz 500SEL:17,1
Mercedes Benz A160 1,6i:7,1
Mercedes Benz A170 1,7CDi :6,5
Mercedes Benz A170CDi 1,7CDi (5АКПП) :6,8
Mercedes Benz AMG55 :16
Mercedes Benz B170 1,7i:7,7
Mercedes Benz B170 1,7i (АКПП CVT) :7,7
Mercedes Benz B180 2,0CDi (7АКПП CVT) :6,7
Mercedes Benz B200 2,0i :7,6
Mercedes Benz B200CDi 2,0CDi (Autotronic) :5,7
Mercedes Benz C180 :9,5
Mercedes Benz C180 2,0i :9,3
Mercedes Benz C180 Kompressor 1,6i (5АКПП) :9,3
Mercedes Benz C180 Kompressor 1,8i (5АКПП) :8,7
Mercedes Benz C200 2,1CDi:6,9
Mercedes Benz C200 Compressor 1,8i:9,7
Mercedes Benz C200 Compressor 2,0i:9,7
Mercedes Benz C200CDi 2,1CDi (5АКПП) :7,3
Mercedes Benz C220 :10,2
Mercedes Benz C220CDi 2,2CDi (5АКПП) :7,4
Mercedes Benz C220CDi T 2,2CDi:7,2
Mercedes Benz C220CDi T 2,2CDi :7,4
Mercedes Benz C220CDi T 2,2CDi (5АКПП) :7,3
Mercedes Benz C220D :8,5
Mercedes Benz C230 Compressor :10,9
Mercedes Benz C250TD:9,5
Mercedes Benz C270CDi 2,7CDi :8,5
Mercedes Benz C280 :12,4
Mercedes Benz CL420 :13
Mercedes Benz CL500 5,5i (7АКПП):15,2
Mercedes Benz CL550 5,5i (7АКПП) 4Matic :15,4
Mercedes Benz CL55K AMG:15,8
Mercedes Benz CL600 :16,5
Mercedes Benz CL63 AMG 6,2i (7АКПП) :16,2
Mercedes Benz CLK230 2,3i (5АКПП) :10,9
Mercedes Benz CLS350 3,5i (7АКПП) :11,7
Mercedes Benz CLS500 :13,8
Mercedes Benz E200 :9,8
Mercedes Benz E200 2,6i :12
Mercedes Benz E200 Compressor 1,8i:10,1
Mercedes Benz E220 :10,2
Mercedes Benz E220 2,1CDi :6,7
Mercedes Benz E220CDi (5АКПП):7,6
Mercedes Benz E220D :7,9
Mercedes Benz E230 :11
Mercedes Benz E230 2,5i (6АКПП) :11
Mercedes Benz E240 :10,6
Mercedes Benz E250 2,5TD :9
Mercedes Benz E270CDi :8,5
Mercedes Benz E270CDi 2,7CDi (5АКПП) :7,9
Mercedes Benz E270CDi T 2,7CDi (5АКПП) :8,2
Mercedes Benz E280 :12,1
Mercedes Benz E280 4Matic :12,5
Mercedes Benz E280CDi 3,2CDi (5АКПП) :9,1
Mercedes Benz E290TD :9,5
Mercedes Benz E300 3,0TD :8,7
Mercedes Benz E320 4Matic :13,6
Mercedes Benz E320CDi :8,6
Mercedes Benz E320CDi :8,7
Mercedes Benz E320i :12,8
Mercedes Benz E320i:12,9
Mercedes Benz E350 3,5i (7АКПП) :12,4
Mercedes Benz E420i :13,7
Mercedes Benz E430 :13,1
Mercedes Benz E500 5,5i (5АКПП) 4Matic :15,6
Mercedes Benz G290 4Matic:9,6
Mercedes Benz G300 3,0TD (4АКПП) 4Matic :11,4
Mercedes Benz G300 4Matic :11,4
Mercedes Benz G320 4Matic :16
Mercedes Benz G350 3,5TD 4Matic :10,8
Mercedes Benz G400 Cdi 4Matic :13,1
Mercedes Benz GL320 3,0CDi (7АКПП) 4Matic :10,3
Mercedes Benz GL420 4,0CDi (7АКПП) 4Matic :13,5
Mercedes Benz GL450 4,7i (7АКПП) 4Matic :15,6
Mercedes Benz GL500 5,5i 4Matic:15,7
Mercedes Benz GL550 5,5i (7АКПП) 4Matic :16,5
Mercedes Benz GLK 280 3,0i (7АКПП) 4Matic :12,1
Mercedes Benz ML230 :10,8
Mercedes Benz ML270CDi 4Matic :9,7
Mercedes Benz ML280 3,0CDi (7АКПП) 4Matic :10
Mercedes Benz ML320 3,0CDi (7АКПП) 4Matic :10,3
Mercedes Benz ML320 3,2i (5АКПП) 4Matic :13,8
Mercedes Benz ML350 3,5i 4Matic :13,8
Mercedes Benz ML500 4Matic :13,8
Mercedes Benz ML63 AMG 6,2i (7АКПП) 4Matic :16,3
Mercedes Benz R280 3,0CDi (7АКПП) 4Matic :10,6
Mercedes Benz R320 3,0CDi (7АКПП) 4Matic :10,6
Mercedes Benz R350 3,5i (7АКПП) 4Matic :14,4
Mercedes Benz R350L 3,5i (7АКПП) 4Matic :14,7
Mercedes Benz R500 5,0i (7АКПП) 4Matic :15,7
Mercedes Benz S280 :13,3
Mercedes Benz S320 :9,3
Mercedes Benz S320 3,0CDi (7АКПП) Long :9,3
Mercedes Benz S320 3,2i:12,8
Mercedes Benz S320CDi :8,7
Mercedes Benz S320CDi 3,0CDi (7АКПП) :9,1
Mercedes Benz S350 :13,2
Mercedes Benz S350 3,5i:12,2
Mercedes Benz S420:14,4
Mercedes Benz S430 :13,2
Mercedes Benz S450 4,7i (7АКПП):15
Mercedes Benz S500 5,0i:14,1
Mercedes Benz S500 5,5i :14,7
Mercedes Benz S500 5,5i (7АКПП) 4Matic :16
Mercedes Benz S500L :15,2
Mercedes Benz S500L 5,5i 4Matiс :15,2
Mercedes Benz S550 5,5i (7АКПП) 4matic :16
Mercedes Benz S55L AMG 5,5i (5АКПП) :15,4
Mercedes Benz S600 :16,5
Mercedes Benz S63 AMG Long 6,2i (7АКПП) :16,3
Mercedes Benz S65 AMG 6,0i (5АКПП) :16,2
Mercedes Benz SAMG55 5,5i :15,4
Mercedes Benz SL300 3,0i :12,1
Mercedes Benz SL500 5,0i (5АКПП) :15
Mercedes Benz SLK350 3,5i (7АКПП) :12,5
Mercedes Benz Smart 0,6i:5,3
Mercedes Benz Vaneo 1,7CDi :6,7
Mercedes Benz Vaneo 1,7CDi:7,5
Mercedes Benz Vaneo 1,9i :8,9
Mercedes Benz Viano 2,2CDi :9,5
Mercedes Benz Viano 3,0CDi (6АКПП) :10,3
Mercedes Benz Viano 3,5i (5АКПП) :15,5
Mercedes Benz Viano 3,7i :14,3
Mercedes Benz Vito 108D 2,3D:8,7
Mercedes Benz Vito 110D :10
Mercedes Benz Vito 111CDi 2,1CDi :9,3
Mercedes Benz Vito 112CDi :10,3
Mercedes Benz Vito 115CDi 2,2CDi:9,5
Mercedes Benz Vito 2,2CDi :8,1
Mercedes Benz Vito 2,2CDi :7,9
Mercedes Benz Vito 2,3TD :10
Mercedes Benz Vito 230:12,1
Mercedes Benz Vito L114 2,3i :12,1
Mercury Mountaineer 4,9i 4WD :14,5
Mercury Sable 3,0i :12
Mitsubishi Carisma 1,6i :7,1
Mitsubishi Carisma 1,6i :7,6
Mitsubishi Carisma 1,8i :8,1
Mitsubishi Carisma 1,9Di-D:6,5
Mitsubishi Carisma 1,9TDi :7,5
Mitsubishi Colt 1,3:7,7
Mitsubishi Colt 1,8D :6,2
Mitsubishi Eclipse 2,0i :8,6
Mitsubishi Galant 1,8i :8,6
Mitsubishi Galant 2,0i :9,3
Mitsubishi Galant 2,0TD :7,2
Mitsubishi Galant 2,4i :10,4
Mitsubishi Galant 2,4i (4АКПП) :10,3
Mitsubishi Galant 2,5i :10,2
Mitsubishi Galant GL 1,8TD:6,8
Mitsubishi Grandis 2,4i :10,4
Mitsubishi Grandis 2,4i Sport AT7S (4АКПП) :11,6
Mitsubishi L200 2,5TD 4WD :9,2
Mitsubishi L300 2,5D:9,7
Mitsubishi L400 2,5TD :8,6
Mitsubishi Lancer 1,3i :6,8
Mitsubishi Lancer 1,5i :7,1
Mitsubishi Lancer 1,6 :7,9
Mitsubishi Lancer 1,6i, Wagon :7,6
Mitsubishi Lancer 1,8D :6,7
Mitsubishi Lancer 2,0i :9,3
Mitsubishi Lancer 2,0i :9
Mitsubishi Lancer 2,0i (КПП CVT Sports Mode) :9,4
Mitsubishi Montero 3,0i :12,2
Mitsubishi Montero 3,5i 4WD:12,8
Mitsubishi Montero Sport 3,0i :12,2
Mitsubishi Montero Sport 3,0i 4x4 :12,2
Mitsubishi Montero Sport 3,5i 4WD :12,5
Mitsubishi Outlander 2,0i 4WD :10,1
Mitsubishi Outlander 2,4i :10,8
Mitsubishi Outlander 2,4i 4WD:10,7
Mitsubishi Outlander XL 2,4i (6АКПП) 4WD :11,6
Mitsubishi Outlander XL 3,0i (6АКПП) 4WD :12,4
Mitsubishi Pajero 2,3TD 4WD :11,3
Mitsubishi Pajero 2,5TD :11,4
Mitsubishi Pajero 2,5TDi 4WD :8,6
Mitsubishi Pajero 2,6 4WD :12,7
Mitsubishi Pajero 2,8TD 4WD :12,1
Mitsubishi Pajero 3,0i 4WD :13,3
Mitsubishi Pajero 3,2DiD 4WD :10,3
Mitsubishi Pajero 3,5i 4WD 149:15
Mitsubishi Pajero 3,5i 4WD 153 :15,2
Mitsubishi Pajero 3,8i (5АКПП) :15,3
Mitsubishi Pajero GLS 3,0i 4WD (4АКПП) :12,4
Mitsubishi Pajero GLS 3,2TD 4WD :12,3
Mitsubishi Pajero Pinin 2,0GDi 4WD :10,7
Mitsubishi Pajero Sport 2,5TD :10,9
Mitsubishi Pajero Sport 2,5TDi 4WD :11,2
Mitsubishi Pajero Sport 3,0i 4WD :12,2
Mitsubishi Pajero Wagon 3,2Di-D (4АКПП) 4WD :10,9
Mitsubishi Sigma 3,0i :12,4
Mitsubishi Space Gear 2,0i :10,6
Mitsubishi Space Gear 2,4i :11
Mitsubishi Space Runner 1,8i :8,6
Mitsubishi Space Runner 2,0i :9
Mitsubishi Space Runner 2,0TD :6,9
Mitsubishi Space Star 1,6Mpi:7,8
Mitsubishi Space Star 1,9DiD :6,9
Mitsubishi Space Wagon 1,8D :6,7
Mitsubishi Space Wagon 2,0D :8,7
Mitsubishi Space Wagon 2,0TD :8,7
Mitsubishi Space Wagon 2,4Gdi 4WD :11
Mitsubishi Space Wagon GLX 2,0i :8,8
Musso 620EL 2,9D 4WD 7:11,9
Nissan Micra 1,4i (4АКПП):7,8
Nissan Almera 1,4i :7,5
Nissan Almera 1,5i :7,6
Nissan Almera 1,6i (4АКПП):8,5
Nissan Almera 2,0D:6,7
Nissan Almera SLX 1,6i :7,8
Nissan Almera Tino 1,8i :7,8
Nissan Almera Tino 2,2TDi :6,9
Nissan Altima 2,4i (4АКПП):10,5
Nissan Altima 2,5i (АКПП CVT)  :10,9
Nissan Bluebird 2,0D:6,8
Nissan Bluebird SLX 2,0i 16V :8,4
Nissan Cherry 1,3 :7,2
Nissan Cherry 1,7D :5,2
Nissan Europa 2,3D :8,1
Nissan Laurel SLX 2,8D :8
Nissan Maxima 3,0i :12,2
Nissan Maxima QX 2,0i :10
Nissan Maxima QX 3,0i :12,2
Nissan Maxima QX 3,5i (5АКПП) :11,8
Nissan Maxima SE 3,5i (5АКПП):12
Nissan Micra 1,0i :6,7
Nissan Murano 3,5i :11,2
Nissan Murano 3,5i (КПП X-Tronic CVT) 4WD:12,7
 Nissan Murano 3,5i (АКПП CVT) :12,3
 Nissan Note 1,4i :6,6
Nissan Note 1,6i :7,6
 Nissan Pathfinder 2,5DCi 4WD :10,4
Nissan Pathfinder 3,3i 4WD :14,3
 Nissan Pathfinder 3,5i (4АКПП) 4WD :12,6
 Nissan Pathfinder 4,0i (4АКПП) 4WD :15,2
 Nissan Patrol 2,8 4WD 88:11,9
 Nissan Patrol 2,8E 4WD 85 :11,9
 Nissan Patrol 3,0TDi :11,8
 Nissan Patrol 3,3D :11,4
Nissan Patrol GR 3,0DDTi 4х4:11,6
Nissan Patrol GR 3,0TDi :11,8
 Nissan Patrol GR 4,8i :15,1
 Nissan Patrol GR Wagon 2,8TDi 4WD :10,9
Nissan Pickup 2,5TDi 4WD :11,2
 Nissan Primastar 2,0DCi 107 :8,2
 Nissan Primastar 2,0TDCi :8,2
 Nissan Primera 1,6i 66 :7,9
 Nissan Primera 1,6LX :7,6
 Nissan Primera 1,6SLX :7,2
 Nissan Primera 1,8i 78 :7,7
 Nissan Primera 1,8i 85 :8,1
Nissan Primera 2,0D :7
Nissan Primera 2,0i :10,2
 Nissan Primera 2,0i 103:9,1
Nissan Primera 2,0i 110 :9,3
 Nissan Primera 2,2TD Di :6,8
Nissan Qashqai 2,0i (6AKПП) 4WD :9
Nissan Quest 3,5i (5АКПП):12,2
Nissan Serena 1,6i :8,6
Nissan Serena 2,0i :10,5
 Nissan Serena 2,3D :8,6
Nissan Sunny 1,3 :7,5
 Nissan Sunny 1,4 :7,7
Nissan Sunny 1,6SLX :7,5
Nissan Sunny 1,7D :5,6
 Nissan Sunny 2,0D :6,8
Nissan Terrano (Puckup) 2,4 4WD :12,5
Nissan Terrano 2,4i 4WD :11,9
 Nissan Terrano 2,7TD 4WD :10
 Nissan Terrano 3,0i 4WD :13,1
Nissan Terrano II 2,4i 4WD :10,9
 Nissan Terrano II 2,4i 4WD 91:11,4
Nissan Vanette 2,3D :8,1
 Nissan X-Terra 3,3i (4АКПП) :11,6
 Nissan X-Trail 2,0dCi 110 :8
Nissan X-Trail 2,0dCi (6АКПП) :8,6
Nissan X-Trail 2,0dCi 4WD :8,6
Nissan X-Trail 2,0i :9,5
Nissan X-Trail 2,2dCi :7,6
Nissan X-Trail 2,2TDi 4WD :7,4
 Nissan X-Trail 2,5i 4WD :11,2
 Oldsmobile Cutlass 3,3i :10,5
Opel Agila 1,0i :5,6
Opel Antara 2,0CDTi (5АКПП) 4WD :9,3
Opel Antara 2,4i (5АКПП) 4WD:12
Opel Antara 3,2i (5АКПП) :13,1
Opel Arena 2,5D :7,6
 Opel Ascona 1,3 :7,8
Opel Ascona 1,8i :8,7
 Opel Ascona C 1,6 :8,6
Opel Astra 1,2i :6,8
Opel Astra 1,4 :7,6
 Opel Astra 1,4i 44:7,2
 Opel Astra 1,4i 60 :6,9
 Opel Astra 1,4i 66 :8
 Opel Astra 1,6 55 :7,5
 Opel Astra 1,6i 52 :7,3
 Opel Astra 1,6i 76 :7,1
 Opel Astra 1,6i 77 :7,1
 Opel Astra 1,6i :7,7
Opel Astra 1,6i 16V :7,5
 Opel Astra 1,7CDTi:6,2
 Opel Astra 1,7CDTi Station Wagon:6,1
 Opel Astra 1,8i 85 :8,1
 Opel Astra 1,8i 92 :8,4
 Opel Astra 1,8i 103:8
Opel Astra 2,0CDX :6,7
 Opel Astra 2,0Dti 16v 7:6,8
 Opel Astra Caravan 1,6 :7,5
 Opel Astra Caravan 1,6i 16V:7,6
 Opel Astra Caravan 1,7D :5,6
Opel Astra Caravan 1,7TDi :5,8
Opel Astra Caravan 1,8i :8,5
Opel Astra Caravan 1,9 CDTi :6,7
 Opel Astra Caravan 1,9TD :6,8
Opel Astra F 1,6 :7,5
Opel Bedford 2,3D :9
Opel Corsa 1,4i :7,1
 Opel Catera 3,0i:12
 Opel Combo 1,3CDTi :5,6
Opel Combo 1,3TDi :5,6
Opel Combo 1,4i :7,4
Opel Combo 1,6i :8,3
Opel Combo 1,7CDTi :7
Opel Corsa 1,2 :6,9
Opel Corsa 1,2i :6,7
Opel Corsa 1,2i (КПП MTA5+ Easytronic) :6,7
 Opel Corsa 1,3i :7
 Opel Corsa 1,4i (4АКПП):7,4
Opel Corsa C Combo 1,3TDCi  :5,7
 Opel Frontera 2,0i 4WD :10,5
 Opel Frontera 2,2DTi 4WD :9
 Opel Frontera 2,2i 4WD:11
Opel Frontera 2,3TD 4WD :10,6
Opel Frontera 2,8TD 4WD :11,4
 Opel Frontera 3,2i 4WD :14,9
 Opel Frontera Sport 2,0i 4WD :10,3
 Opel Insignia 1,8i 1:8,6
 Opel Insignia 2,0CDTi (6АКПП) :8,4
Opel Insignia 2,8i (6АКПП) 4WD :12,4
Opel Kadett 1,6 5:7,5
Opel Kadett 1,6D :5,4
Opel Kadett 1,6SH :8,6
 Opel Kadett 1,7D 4:5,5
 Opel Kadett 1,8i :8,1
 Opel Kadett Caravan 1,2 :7,5
 Opel Kadett Caravan LS 1,3:7,9
Opel Meriva 1,4i :6,9
Opel Meriva 1,6i 16V (5КПП Easytronic) :7,1
 Opel Monterey 3,1TDi 4WD :10,9
 Opel Monterey 3,2i 4WD:14,3
 Opel Monterey 3,5i 4WD :14,4
Opel Movano 2,2DTi :9,3
 Opel Movano 2,5D :9,1
 Opel Omega 1,8 :8,7
 Opel Omega 2,0DTi :7,5
 Opel Omega 2,0i :10,4
 Opel Omega 2,0i :9
 Opel Omega 2,0i 16V :9,6
Opel Omega 2,2DTi 16V :7,7
Opel Omega 2,2i 16V:10,5
Opel Omega 2,3TD :8,8
Opel Omega 2,3TDi :8,8
Opel Omega 2,4i :10,5
Opel Omega 2,5i, CD, Elegance :11,4
Opel Omega 2,5TD :9
Opel Omega 2,6i :11,6
Opel Omega 2,6i, Elegance :11,6
Opel Omega 2000 2,5TD:9
Opel Omega 3,0i :12
Opel Omega 3,2i, Elegance :12,3
Opel Omega B 2,0i :9
Opel Omega Caravan 2,0i :9,6
Opel Record 2,0 :9,8
 Opel Record Caravan 2,2i :10
Opel Record E 2,3TD :8,2
Opel Senator 2,5i :11,9
 Opel Senator 3,0i :12,4
 Opel Signum 1,9CDTi (6АКПП) :8
 Opel Signum 2,2i :10,1
 Opel Signum 2,8Ti :11,7
Opel Sintra 2,2DTi :8,6
Opel Sintra 2,2i, GLS :11,7
Opel Sintra 3,0i 148:11,9
Opel Tigra 1,4i:7,6
Opel Vectra 1,6i:7,4
Opel Vectra 1,6i :8,2
Opel Vectra 1,7D :5,7
 Opel Vectra 1,8i :8
 Opel Vectra 1,8i 85 :8,2
Opel Vectra 1,8i 90 :8,3
 Opel Vectra 1,8i 103 :8,7
 Opel Vectra 1,8S:8,2
Opel Vectra 2,0 16V :8,6
Opel Vectra 2,0D :6,5
 Opel Vectra 2,0DTi :6,2
 Opel Vectra 2,0i 82 :9
 Opel Vectra 2,0i 85 :9,4
 Opel Vectra 2,0i 4WD:9,9
 Opel Vectra 2,2DTi :7,7
 Opel Vectra 2,2i 108:8,8
 Opel Vectra 2,2i 114 :10
 Opel Vectra 2,5i 125 :10,9
 Opel Vectra 2,8Ti 169 :11,7
 Opel Vectra 2,8Ti 184:11,9
 Opel Vectra 3,2i 155 :11,3
 Opel Vectra C 2,2DTi :7,4
Opel Vectra C 2,2i, Elegance :8,8
Opel Vectra Caravan 1,9CDTi :6,8
 Opel Vivaro 1,9DTi :8,5
 Opel Vivaro 2,0i :11,7
 Opel Zafira 1,6i 74 :7,8
Opel Zafira 1,6i 77 :7,8
Opel Zafira 1,6i  :8,4
Opel Zafira 1,8i 85:8,6
Opel Zafira 1,8i 92:9,8
 Opel Zafira 1,8i 103:8,4
Opel Zafira 1,9CDTi 74:7,2
Opel Zafira 1,9CDTi 88 :7,1
Opel Zafira 2,0 Tdi:7,5
Opel Zafira 2,2i :10,2
Opel Zafira 2,2TDi :7,7
Opel Zafira B 1,6i :8,4
 Peugeot 1007 1,4i :7,1
Peugeot 1007 1,6i (5АКПП) :7,2
Peugeot 106 1,1 :7,1
 Peugeot 106 XND 1,5D:5,3
Peugeot 206 1,4HDi :5,2
 Peugeot 206 1,4i :7,2
 Peugeot 206 1,6i :7,6
Peugeot 206 XS 1,6i :7,4
 Peugeot 207 1,4i :6,8
Peugeot 305 1,5 :8,1
Peugeot 306 1,4 :8,1
 Peugeot 306 1,6i :7,5
Peugeot 306 1,8i :8
 Peugeot 306 1,9D :6,6
Peugeot 307 1,4HDi :5
 Peugeot 307 1,4i :7,1
 Peugeot 307 1,6HDi :5,3
Peugeot 307 2,0i :9
Peugeot 307 BK XR 1,6i :8,3
Peugeot 307 SW 1,6i :8,3
 Peugeot 307 SW 2,0Hdi :6,3
Peugeot 307 SW 2,0i 100:9,2
 Peugeot 307 SW 1,6HDi :5,9
 Peugeot 308 1,6i (4АКПП) :8,6
 Peugeot 308 1,6VTi :8
Peugeot 308 SW 1,6Hdi:5,9
Peugeot 308 SW 1,6THP (4АКПП):10,1
Peugeot 308 SW 1,6VTi:8,3
Peugeot 308 SW 1,6VTi (4АКПП) :8,8
Peugeot 309 1,6i :7,9
 Peugeot 4007 2,2 HDi :8,5
Peugeot 4007 2,4i (АКПП CVT) AWD:10,7
Peugeot 405 1,6i, GL,GR :8,3
 Peugeot 405 1,8i :8,6
 Peugeot 405 1,9D :6,6
 Peugeot 405 2,0i :8,8
 Peugeot 405 GL 1,9Sri :9
 Peugeot 405 GTX 1,9i :8,7
 Peugeot 406 1,6i :8,5
Peugeot 406 1,8i 82 :8,6
 Peugeot 406 1,9TDi 66 :6,8
 Peugeot 406 2,0Hdi 80 :6,9
 Peugeot 406 2,0i 97 :9,5
Peugeot 406 2,0i :9,5
 Peugeot 406 2,1TD :6,8
Peugeot 406 2,2Hdi :7,7
 Peugeot 406 2,2i :10,6
 Peugeot 407 1,8i :8,8
 Peugeot 407 2,0HDi :6,5
 Peugeot 407 2,0HDi (6АКПП):8,2
 Peugeot 407 2,0i 100 :9,3
 Peugeot 407 2,0i 103 :9,6
 Peugeot 407 2,2i (4AКПП) :10,6
Peugeot 407 3,0i:11,9
Peugeot 407 ST Sport 2,2i :10,5
Peugeot 605 2,0 :10,9
 Peugeot 605 2,1SRd :6,7
Peugeot 605 2,1TD :7,7
 Peugeot 605 2,5TDi :7,6
Peugeot 605 3,0i 123 :12,3
 Peugeot 605 3,0i 147 :12,8
 Peugeot 605 SL 2,0:10,9
 Peugeot 605 SR 2,0:9,9
Peugeot 607 2,2HDi :7,4
Peugeot 607 2,2i :11,2
Peugeot 607 2,7HDi (6АКПП) :9
Peugeot 607 3,0i :13,4
Peugeot 806 1,8i :10,7
 Peugeot 806 1,9TD :8,6
 Peugeot 806 2,0HDi :7,1
Peugeot 806 2,0i 89 :10,9
 Peugeot 806 2,0i 100:10,8
 Peugeot 806 2,0iT :11,6
 Peugeot 806 2,1TD :8
 Peugeot 807 2,0i :10,5
 Peugeot 807 2,2Hdi 100:8,3
 Peugeot 807 2,2HDi, ST :8,3
 Peugeot 807 2,2i :11,2
 Peugeot 807 3,0i V6 :12,9
 Peugeot Bipper 1,4i :7,2
 Peugeot Boxer 2,0i:11,4
 Peugeot Boxer 2,2HDi :9,6
 Peugeot Boxer 2,4D:9
 Peugeot Boxer 2,5TD :10,9
 Peugeot Boxer 2,8Hdi:10,3
 Peugeot Boxer 333 L2H2 3,0HDi :14,2
 Peugeot Boxer Combi 333 L2H2 2,2HDi :9,2
Peugeot Boxer FT333 L2H2 3,0HDi :9,3
Peugeot Expert 1,9D :7,1
 Peugeot Expert Tepee 2,0HDi :7,9
Peugeot Partner 1,4i :7,4
 Peugeot Partner 1,6HDi 55 :6
Peugeot Partner 1,6HDi 66 :6,1
 Peugeot Partner 1,6i:8,3
 Peugeot Partner 1,9D:6,9
 Peugeot Partner 2,0HDi VTC :6,7
Peugeot Partner B9 1,6HDi 55:6,8
Peugeot Partner B9 1,6HDi 66:6,9
 Peugeot Partner B9 1,6HDi 80:7
 Peugeot Partner Combi 1,9D:6,9
Plymouth Acclain 2,5 :11,3
Plymouth Breeze 2,0i :8,6
 Plymouth Reliant 2,5i :10
 Plymouth Voyager 2,4i :12
 Plymouth Voyager 3,3i :12,5
 Polonez Caro GL 1,9D :7
 Polonez II 1,5 :8,3
Pontiac Grand AM 2,3i :9,9
Pontiac Montana 3,4i :10,5
Pontiac Trans Sport 2,3i:11,7
 Pontiac Trans Sport SE 3,1i :12,8
Pontiac Trans Sport 3,4i :10,5
 Pontiac Vibe 1,8VVT-i :8,4
Pontiac Vibe 1,8VVT-i (4АКПП):9
Pontiac Vibe 1,8VVT-i (4АКПП) AWD :9,1
Porsche Cayenne 3,0TDi (6АКПП) 4WD:12
Porsche Cayenne 3,2i (6АКПП) 4WD :12,3
 Porsche Cayenne 3,6i (6АКПП) 4WD :13,6
 Porsche Cayenne GTS 4,8i (6АКПП) 4WD :16,6
 Porsche Cayenne S 4,5i 4WD :14,9
 Porsche Cayenne S 4,8i (6АКПП) 4WD :16,6
 Porsche Cayenne Turbo 4,5i 4WD:16,9
 Porsche Cayenne Turbo 4,8Ti (6АКПП) 4WD :16,6
 Porsche Cayenne Turbo S 4,5Ti 4WD :17,1
 Porsche Cayenne Turbo S 4,8Ti (6АКПП) 4WD :16,6
 Porsche Panamera Turbo 4,8Ti (7АКПП) 4WD :15,8
 Proton 416 1,6i :7,6
 Range Rover 2,4TD 4WD :10,4
Range Rover 4,2i (6АКПП) 4WD :18,3
 Range Rover 4,4i :17,6
Range Rover 4,6i 4WD :20,4
 Renault 11 1,4 :8
Renault 19 1,4i 43 :7,2
Renault 19 1,7i 55 :8,1
Renault 19 1,9GTD :5,7
Renault 19 RT 1,8i :8,4
Renault 2000 Espace 2,0 :11,3
Renault 21 1,7:8,4
Renault 21 1,7i :8,1
Renault 21 GTX 2,2i :10,3
Renault 21D 2,1D :6,8
Renault 25 GTX 2,2i 89 :10,5
 Renault 25 V6 2,8i 110 :12,9
 Renault 25V6 2,8i Turbo :12,7
 Renault Clio 1,2i :6,7
 Renault Clio 1,2Spi :6,8
 Renault Clio 1,4i 58:7,5
 Renault Clio 1,6i 66:7,7
 Renault Clio 1,9D :6
 Renault Clio Symbol 16V 1,4i:7,8
Renault Espace 1,9dCi :7,7
Renault Espace 1,9TD :7,6
Renault Espace 2,0i 16V :11,2
Renault Espace 2,1TD :7,9
Renault Espace 2,2 dCi :8,5
Renault Espace 2,2G-KAT :10,5
 Renault Espace 2,9i:13,5
 Renault Espace 3,0i (4АКПП) :11,4
 Renault Espace RXE Grand 2,0i:11,1
Renault Grand Scenic 2,0i :9,1
 Renault Kangoo 1,2i :6,9
 Renault Kangoo 1,4i :7,6
 Renault Kangoo 1,5DCi :5,7
 Renault Kangoo 1,6i :8
 Renault Kangoo 1,6i 4WD :9,5
 Renault Kangoo 1,9D 47:6,8
Renault Kangoo 1,9DTi 59 :6,6
 Renault Koleos 2,5i (6АКПП) 4WD :10,7
Renault Koleos 2,5i 4WD:10,1
Renault Laguna 1,6i :7,6
 Renault Laguna 1,8EX 16V :8,8
 Renault Laguna 1,8i 66  :7,9
Renault Laguna 1,8i 89 :8,8
Renault Laguna 1,8i RXT 16V:8,7
Renault Laguna 1,9dCi :6,2
Renault Laguna 1,9TD :6,9
 Renault Laguna 2,0i :11
Renault Laguna 2,0i 102 :10,4
 Renault Laguna 2,0i 103 :9,7
 Renault Laguna 2,0Ti/A :9,3
 Renault Laguna 2,2DCi :7,5
 Renault Laguna 3,0i:11,2
 Renault Logan MCV 1,5dCi:5,9
 Renault Logan MCV 1,6MPi :8
 Renault Megane 1,4i 55 :7,7
 Renault Megane 1,4i 72 :7,4
 Renault Megane 1,5DCi :5,8
 Renault Megane 1,6i :8,4
Renault Megane 1,6i 83 :7,1
 Renault Megane 1,6i 85 :6,8
Renault Megane 1,9D :6,6
 Renault Megane 1,9DTi :6,7
Renault Megane 2,0i :9,6
Renault Megane AU14 1,4i :7,8
Renault Megane EX18U 1,8i :8,6
Renault Megane Grandtour 1,9dCi :6,2
Renault Megane Scenic 1,6i 83 :7,8
 Renault Megane Scenic 1,6i 85 :7,8
Renault Megane Scenic 1,9D 47 :7,4
 Renault Megane Scenic 1,9DTi 69:6,9
 Renault Megane Scenic 1,9TDi 74 :5,1
Renault Megane Scenic 1,9TDi (5АКПП):7
 Renault Megane Scenic 2,0i :9,8
 Renault Megane Scenic 2,0i 4WD :10,2
 Renault Megane Scenic II 1,6i:8,6
 Renault Megane Scenic RX-4 2,0i 4WD:10,2
 Renault Modus 1,6i (4АКПП) :8,7
 Renault Rapid 1,9D :6,2
 Renault Safrane 2,0i :9,1
 Renault Safrane 2,2i :10,5
 Renault Safrane 2,5i :10,9
Renault Safrane 2,5TD :9,1
 Renault Safrane 3,0i :12,5
 Renault Scenic 1,9dTi :5,6
 Renault Scenic 2,0i :9,1
Renault Symbol 1,4i :7,8
Renault Symbol 1,5dCi :5,4
 Renault Trafic T5B8 2,2i :10,9
 Renault Trafic 1,9dCi 74 :8,1
 Renault Trafic 1,9dCi 60 :8,7
 Renault Trafic 2,0i :10
 Renault Trafic 2,5D:9,3
 Renault Trafic Combi L2H1 2,0i :10,8
 Renault Vel Satis 2,0Ti :10,4
 Renault Vel Satis 2,2dCi:7,8
 Renault Vel Satis 3,0dCi (5АКПП) :10,1
Renault Vel Satis 3,5i :12,7
 Rover 200 2,0TDi :6,2
Rover 214Si :7,8
 Rover 400 1,4i :7,4
 Rover 400 1,6i :8,5
Rover 400 2,0TD:6,7
 Rover 414 1,4i :7,6
 Rover 416 1,6i :8,5
Rover 618i:8,6
 Rover 620i  :9,3
 Rover 620Sdi :6,2
 Rover 620Si :9,3
 Rover 75 1,8i :8,9
 Rover 75 2,0i :9,9
 Rover 820Si :9,7
 Rover 825D 2,5TD :7,4
 Rover 827 :10,8
Rover Montego 2,0i:10
 SAAB 900 GLE 2,0i 87:9,7
 SAAB 9000 2,0i 96:10,1
SAAB 9000 2,0i 110:10,2
SAAB 9000 CD 2,3T 147:11,7
 SAAB 9000 CS 2,3i 16V Turbo 147:11,9
AAB 9000 CSE 2,3T :11,9
 SAAB 9000 Griffin 3,0i :12,3
 SAAB 9-3 2,0Ti :9,1
 SAAB 9-3 2,2TiD :7,7
SAAB 9-5 2,0Ti :11,6
 SAAB 9-5 2,3i :10,5
SAAB 9-5 3,0Ti (4АКПП) :12,9
 Samand LX 1,8i :9,5
Samand Soran 1,6i :8,2
 Saturn VUE 2,2i :9,7
Seat Alhambra 1,9TDi :7,4
 Seat Alhambra 2,0i :9,9
Seat Alhambra Sport 2,8i (6АКПП) :12,3
 Seat Altea 1,6i :8,1
 Seat Altea XL 1,6MPi:8,1
 Seat Arosa 1,0i :6,1
Seat Cordoba 1,6i :7,8
 Seat Cordoba 1,6Mpi Gli :8,1
 Seat Cordoba 1,9SDi :5
 Seat Ibiza 1,2i :6,6
 Seat Ibiza 1,9TD :6
 Seat Inca 1,4i :7,1
 Seat Inca 1,9Sdi:6
 Seat Leon 1,9TD :5,6
Seat Malaga 1,7D :5,9
Seat Toledo 1,6i  :7,9
 Seat Toledo 1,9D :6,2
 Seat Toledo GL 1,8i :8,3
 Shevrolet Lumina 3,8i 128 :14,8
 Skoda Fabia 1,2i 47 :6,8
 Skoda Fabia 1,2i 51  :6,7
 Skoda Fabia 1,4 Mpi :7,8
 Skoda Fabia 1,4i 55 :7,9
 Skoda Fabia 1,4i 59 :7,4
Skoda Fabia 1,4i 63:7,1
 Skoda Fabia 1,4i, Classic :7,6
Skoda Fabia 1,4i, Elegance :7,8
 Skoda Fabia 1,4TDi :4,8
Skoda Fabia 1,9SDi, Comfort :5,7
Skoda Fabia Combi 1,2i, Classic :6,7
 Skoda Fabia Combi 1,4 Mpi :7,8
Skoda Fabia Combi 1,4i 63 :7,3
Skoda Fabia Combi 1,4i 74 :6,8
Skoda Fabia Combi 1,4i, Classic :7,6
Skoda Fabia Combi 1,4i, Elegance :7,8
 Skoda Fabia Combi 1,4TDi :4,9
 Skoda Fabia Combi 1,9TDiPD :5,9
Skoda Fabia II Sport 1,2i :6,7
Skoda Favorit 135 1,3 43 :8,4
Skoda Felicia 1,3 43 :6,8
Skoda Felicia 1,3 :8,1
Skoda Felicia 1,6i :7,9
Skoda Felicia 1,9D :5,6
Skoda Felicia Combi 1,3 :8,1
 Skoda Felicia Combi 1,6i :8,1
 Skoda Felicia Combi 1,9D:5,7
Skoda Forman 1,3 :8,4
Skoda Octavia 1,6i :7,9
 Skoda Octavia 1,6i, Ambiente, Classic :9,4
 Skoda Octavia 1,6i, Classic, GLX :8,6
Skoda Octavia 1,8i, SLX :10,5
Skoda Octavia 1,8Ti 4WD, Elegance :10,1
 Skoda Octavia 1,8Ti, Elegance, Tour :10
 Skoda Octavia 1,8TSi :8,6
 Skoda Octavia 1,9TDi :6,7
 Skoda Octavia 2,0FSi :9,5
 Skoda Octavia 2,0FSi, Ambiente :9,5
Skoda Octavia 2,0i, Ambiente, Elegance, SLX :9
 Skoda Octavia 2,0TDi:6,7
 Skoda Octavia A4 1,6i :8,2
 Skoda Octavia A4 Combi Tour 1,6i:8,2
Skoda Octavia A5 1,6FSi :8,1
 Skoda Octavia A5 1,6MPi, Ambiente Elegance :7,7
 Skoda Octavia A5 1,8TSi  :8,6
 Skoda Octavia A5 1,9TDi :5,6
 Skoda Octavia A5 2,0TDi PD, Elegance :6,7
Skoda Octavia A5 2,0TFSi :10
Skoda Octavia A5 Combi 1,9TDi :6,3
 Skoda Octavia A5 Combi 2,0TDi PD, Elegance :6,9
 Skoda Octavia Combi 1,8Ti 4WD :10,4
 Skoda Octavia Combi 1,8Ti, Elegance:10,2
 Skoda Octavia Combi 1,9TDi :6,7
 Skoda Octavia Combi 1,9TDi 4WD :7
Skoda Octavia Combi 2,0i, Ambiente :9,1
 Skoda Octavia Combi 2,0i, Elegance :9,1
 Skoda Octavia Combi GLX 2,0i :9,1
 Skoda Octavia Combi Tour 1,6MPi :7,8
Skoda Octavia Scout 2,0FSi 4WD :10
 Skoda Roomster 1,2i:6,8
 Skoda Roomster 1,4MPi :7,6
Skoda Roomster 1,4TDi :5,4
Skoda Roomster 1,9TDi:5,9
 Skoda Roomstеr 1,6i :8
Skoda Superb 1,4TSi :7,8
Skoda Superb 1,8Ti :10,6
 Skoda Superb 1,8TSi :9
 Skoda Superb 1,8TSi 4WD :10
 Skoda Superb 1,9TDi 96 :6,7
 Skoda Superb 1,9TDi 77 :6,5
 Skoda Superb 2,0i :8,9
Skoda Superb 2,0TDi (6АКПП) 125 :6,9
Skoda Superb 2,5TDi 120 :8,6
 Skoda Superb 2,5TDi, Elegance 114:9,4
Skoda Superb 2,8i 142:12,2
 Skoda Superb 3,6FSi (6АКПП) 4WD :12,2
 Ssang Yong Actyon 2,0XDi (4АКПП) 4WD :9,1
 Ssang Yong Kyron M200 2,0Xdi 4WD:8,1
 Ssang Yong Musso 3,2i 4WD :15,2
 Ssang Yong New Kyron 2,7Xdi (5АКПП) 4WD :9,3
 Ssang Yong Rexton 2,7TDi (5AКПП) 4WD :9,1
 Ssang Yong Rexton RX270Xdi 121:8,8
 Ssang Yong Rodius 2,7Xdi 4WD 121 :10
 Subaru B9 Tribeca 3,0i (5АКПП) 180 :12,2
 Subaru B9 Tribeca 3,0i (5АКПП) AWD 184 :12,6
Subaru B9 Tribeca 3,6i (5АКПП) AWD 190 :13,5
 Subaru E10 1,2 AWD :7,6
 Subaru Forester 2,0i (4АКПП) AWD :9,8
 Subaru Forester 2,0i AWD 92 :9,8
Subaru Forester 2,0i AWD :9,8
 Subaru Forester 2,0MPFi AWD :9,8
 Subaru Forester 2,5i (4АКПП) AWD :11,1
 Subaru Forester 2,5i AWD 115 :11,6
Subaru Forester 2,5i AWD 121 :10,1
Subaru Forester 2,5i AWD 126 :10,2
 Subaru Forester 2,5Ti AWD:10,6
Subaru Impreza 2,0i :8,2
 Subaru Impreza 2,0i AWD :9
 Subaru Impreza 2,0Ti WRX AWD :11,2
Subaru Impreza 2,2i AWD:9
 Subaru Impreza 2,5Ti WRX AWD :11,4
 Subaru Impreza 2,5Ti WRX STi AWD :11,8
 Subaru Legacy 1,8 4WD 74 :10,3
 Subaru Legacy 1,8 4WD 72 :10,1
 Subaru Legacy 2,0i 4WD, GL 100 :10,8
 Subaru Legacy 2,0i AWD 92:9,3
 Subaru Legacy 2,0i AWD 121:9,6
 Subaru Legacy 2,5i (4АКПП) AWD :10,4
Subaru Legacy 2,5i (5АКПП) :11,2
Subaru Legacy Outback 2,5i :11,3
 Subaru Legacy Outback 2,5i AWD :9,7
 Subaru Legacy Outback 2,5XT (5АКПП) AWD:12,5
 Subaru Legacy Outback 3,0i AWD :10,5
Subaru Legacy Outback 3,0i AWD :10,6
 Subaru Outback 2,5i (4АКПП) AWD :10,4
 Subaru Outback 2,5i AWD :9,8
 Subaru Outback 2,5MT :9,7
 Suzuki Aerio 10SX 2,3i :10,5
 Suzuki Baleno 1,6i GLX :7,5
 Suzuki Forenza 2,0i :8,9
 Suzuki Grand Vitara 1,6i 4WD:8,7
 Suzuki Grand Vitara 2,0i 4WD 93 :10,1
 Suzuki Grand Vitara 2,0i 4WD 103 :10
Suzuki Grand Vitara 2,0TD 4WD 64 :8,1
Suzuki Grand Vitara 2,0TD 4WD 80 :8,2
 Suzuki Grand Vitara 2,4i (4АКПП) AWD :11,2
Suzuki Grand Vitara 2,5i:11,9
 Suzuki Grand Vitara 2,7i (4АКПП) 4WD :12,3
 Suzuki Grand Vitara XL 2,7i :11,8
 Suzuki Jumny 1,3i 4WD :7,3
 Suzuki Liana 1,6i:7,2
 Suzuki Samurai 1,3 4WD :7,7
 Suzuki Swift 1,3i (5АКПП) :7
 Suzuki Vitara 1,6 :9,5
Suzuki Vitara 2,0i 6V 4WD :11,4
 Suzuki Vitara 2,0TD (4АКПП) 4WD :9,5
Suzuki Wagon R+ 1,0L 4:6,7
 Suzuki Wagon R+ 1,3i:6,9
Talbot Tagora 2,3TD:9
 Tata Safari 1,9TD :9,1
 Tatra 613-3 3,5 :15,9
 Toyota Auris 1,4i:6,7
 Toyota Auris 1,6i (5КПП MultiMode):7
Toyota Avalon 3,0i :11
 Toyota Avensis 1,6i :7,3
 Toyota Avensis 1,8i 95 :7,6
 Toyota Avensis 1,8i 108 :7,5
 Toyota Avensis 1,8i (CVT) :8,1
 Toyota Avensis 2,0i 94 :9,5
 Toyota Avensis 2,0i 108 :9,6
 Toyota Avensis 2,0i (6АКПП):9,2
 Toyota Avensis 2,0TD :6,2
 Toyota Avensis 2,4VVT-i (5АКПП) :10,9
 Toyota Avensis Verso 2,0TD :7,1
 Toyota Avensis Verso 2,0VVT-i (4АКПП) :10,1
 Toyota Camry 2,2i 96 :9,7
 Toyota Camry 2,4i 112:9,8
Toyota Camry 2,4i 115 :10,1
 Toyota Camry 2,4i 123 :10,7
 Toyota Camry 2,4i (4АКПП) :12,4
 Toyota Camry 3,0i :11,4
 Toyota Camry 3,0i V6 GX :11,4
 Toyota Camry 3,5i :11,6
 Toyota Carina 1,6i 85 :10,6
 Toyota Carina 1,6i 80 :8,5
 Toyota Carina 2,0D 54:6,8
 Toyota Carina 2,0TD 61 :6,7
Toyota Carina E 1,8i :8,9
 Toyota Carina E 2,0i :9,5
 Toyota Carina GL 1,8i :8,8
 Toyota Celica 1,8GTS:8
 Toyota Celica 1,8i :8,4
 Toyota Celica 1,8i (4АКПП) :9
 Toyota Celica GT 2,0i:9,7
 Toyota Corolla 1,3:6,7
 Toyota Corolla 1,4VVT-i 71:6,5
 Toyota Corolla 1,6i :8,5
 Toyota Corolla 1,6VVT-i 81 :6,6
 Toyota Corolla 1,6VVT-i 91 :7,4
 Toyota Corolla 1,8D :6,1
 Toyota Corolla 2,0D :5,7
 Toyota Corolla STW 1,3 Xli :7,6
 Toyota Corolla STW 1,4 Xli :7,6
 Toyota Corolla Verso 1,6VVT-i 81 :7,4
 Toyota Corolla Verso 1,8VVT-i 95:8,1
 Toyota Corolla Verso 2,0TD :6,3
 Toyota Corona 1,5 :8,1
 Toyota Corona 2,0i :9,3
 Toyota Corona Mark II 2,9i :11,4
 Toyota Fortuner 2,7VVT-i (4АКПП) 4WD :13,1
 Toyota Hiace 2,4D :8,2
 Toyota Hiace 2,5D :9
 Toyota Highlander 3,0VVT-i (4АКПП) 164 :11,6
 Toyota Highlander 3,3i (5АКПП) 160 :10,6
 Toyota HiLux 2,4D 4.4 :9,1
 Toyota Land Cruiser 100VX 4,2TD 4WD:13
 Toyota Land Cruiser 120 4,0VVT-i (5АКПП) 4WD :12,9
 Toyota Land Cruiser 200 4,5D (6АКПП) 4WD :12,4
 Toyota Land Cruiser 200 4,5TD (6АКПП) 4WD :12,7
 Toyota Land Cruiser 200 4,7i (5АКПП) 4WD :16
 Toyota Land Cruiser 3,0TD (4АКПП) 4WD :11,3
 Toyota Land Cruiser 3,0TD (4АКПП) 4WD :11,9
 Toyota Land Cruiser 3,0TD 4WD 103 :10,1
 Toyota Land Cruiser 3,4i 4WD 140 :14,4
 Toyota Land Cruiser 4,0i (5АКПП) 4WD 183 :16,4
 Toyota Land Cruiser 4,0i (5АКПП) 4WD 183 :12,9
 Toyota Land Cruiser 4,2D 4WD:12,8
 Toyota Land Cruiser 4,2TD 4WD 151 :13,2
 Toyota Land Cruiser 4,5i 4WD 151 :16,9
 Toyota Land Cruiser 4,7i (4АКПП):16,4
 Toyota Land Cruiser 70 2,4D 4WD :10,5
 Toyota Land Cruiser Prado 2,7i (4АКПП) 4WD :13,9
 Toyota Land Cruiser Prado 3,0TD (6АКПП) 4WD :9,6
 Toyota Land Cruiser Prado 3,0TD 4WD :11,3
 Toyota Land Cruiser Prado 4,0i (5АКПП) 4WD :12,9
 Toyota Matrix 1,8i :8,6
 Toyota Picnic 2,0i :9,8
 Toyota Picnic 2,2D:8,6
 Toyota Previa 2,4i :11,3
 Toyota Previa 2,4i 99:12,6
 Toyota Previa 2,4i 4WD 97 :11,3
 Toyota RAV4 1,8i 92:7,8
 Toyota RAV4 2,0i 4WD :10
 Toyota RAV4 2,0VVT-i :9,5
 Toyota RAV4 2,4VVT-i (4АКПП) :10
 Toyota Sequoia 4,7i (5АКПП) 4WD :16
 Toyota Sequoia 5,7i (6АКПП) 4WD :17,1
 Toyota Sequoia 5,7i (6АКПП) AWD  :16,5
 Toyota Sienna 3,3i (5АКПП) :12
 Toyota Sienna 3,3i (5АКПП) AWD:13,1
 Toyota Sienna 3,5i (4АКПП) :12,5
Toyota Sienna XLE 3,0i :11,4
 Toyota Solara 2,4VVT-i :9,5
 Toyota Solara Coupe 2,2i (4АКПП) :9,5
Toyota Starlet 1,3i :6,1
 Toyota Tercel 1,3 :8,4
Toyota Tercel 1,5i :8,6
 Toyota Yaris 1,3VVT-i (5КПП MultiMode) :6,4
 Toyota Yaris 1,4TDi :4,7
 Toyota Yaris Verso 1,3i:6,6
Volkswagen Bora 1,6i :9
 Volkswagen Bora 1,8i 4WD :11,4
 Volkswagen Bora 1,9TDi :6,8
 Volkswagen Bora 2,0i :9,4
 Volkswagen Bora 2,3i :9,7
 Volkswagen Bora 2,8i 4Motion 150:12,9
 Volkswagen Bora Basis 1,6i:8,1
 Volkswagen Bora Tornado 2,8i 4WD :12,9
 Volkswagen Caddy 1,4i :8
 Volkswagen Caddy 1,4i :7,4
 Volkswagen Caddy 1,6i:8,6
 Volkswagen Caddy 1,6i :8,5
Volkswagen Caddy 1,9SDi :6,7
 Volkswagen Caddy 1,9TDi :7,1
 Volkswagen Caddy 1,9TDi :7,3
 Volkswagen Caddy 2,0SDi :7,3
Volkswagen Caddy Maxi 1,6i :8,6
 Volkswagen Caddy Maxi 1,9TDi:7,6
 Volkswagen Caddy Maxi 2,0TDi:7,6
 Volkswagen Caravelle 1,9:12,4
 Volkswagen Caravelle 1,9D :9
 Volkswagen Caravelle 1,9TDi :8,2
 Volkswagen Caravelle 1,9TDi:8,1
 Volkswagen Caravelle 2,0i :10,7
 Volkswagen Caravelle 2,0i:11,7
 Volkswagen Caravelle 2,1i :10,9
 Volkswagen Caravelle 2,4D :9,4
 Volkswagen Caravelle 2,5i:12,4
 Volkswagen Caravelle 2,5TDi :9,1
 Volkswagen Caravelle 2,5TDi:8,8
 Volkswagen Caravelle 2,5TDi :9
 Volkswagen Caravelle 2,5TDi:9,3
 Volkswagen Caravelle 2,5TDi 4Motion:9,6
 Volkswagen Caravelle 2,5TDi 4Motion:9,9
 Volkswagen Caravelle 2,5TDi Syncro:10,8
 Volkswagen Caravelle 2,8i :14,3
 Volkswagen Caravelle 3,2i 173 :14,3
 Volkswagen Caravelle 3,2i 4WD 173 :14,7
 Volkswagen Caravelle T5 KR 2,0TDi 103 :8,4
 Volkswagen Caravelle T5 KR 2,0TDi 75 :8,2
Volkswagen Caravelle T5 LR 2,0TDi 103 :8,6
Volkswagen Caravelle T5 LR 2,0TDi 75:8,4
 Volkswagen Crafter 35 MR Combi 2,5TDi (iг.п.=3,923) :11
Volkswagen Crafter 35 MR HD 2,5TDi (6АКПП Shiftmatic, iг.п.=4,364) :11,3
 Volkswagen Cross Polo 1,6i :7,2
 Volkswagen Eurovan 2,8i (4АКПП) :15
 Volkswagen Golf 1,3 40 :7,5
 Volkswagen Golf 1,4i 44 :7,6
 Volkswagen Golf 1,4i 59 :7,4
 Volkswagen Golf 1,6 55 :8,1
 Volkswagen Golf 1,6D 40 :6,2
 Volkswagen Golf 1,6i 55 :8
Volkswagen Golf 1,6i 75 :8,1
 Volkswagen Golf 1,6TD :5,8
 Volkswagen Golf 1,8 49:8,5
 Volkswagen Golf 1,8i 66:8,4
 Volkswagen Golf 1,8i, CL 55 :8,5
 Volkswagen Golf 1,9D 47 :6,5
Volkswagen Golf 1,9TD 55:6,8
Volkswagen Golf 1,9TDi 66 :6,5
Volkswagen Golf 1,9TDi 81 :6,7
Volkswagen Golf 2,0i, GL :10,2
Volkswagen Golf 2,8i :12,5
Volkswagen Golf 3,2i (6АКПП) 4WD :11,6
 Volkswagen Golf IV 1,9SDi :6,7
Volkswagen Golf Plus 1,9TDi :5,8
 Volkswagen Golf Syncro Country 1,8i :10,9
 Volkswagen Golf V 1,9TDi:5,8
 Volkswagen Golf Variant 1,6i :8,5
Volkswagen Golf Variant 1,9TDi :5,8
 Volkswagen Jetta 1,3 :7,5
Volkswagen Jetta 1,6 :7,9
 Volkswagen Jetta 1,6D :6,5
Volkswagen Jetta 1,6i :8,1
 Volkswagen Jetta 1,6TD :6,2
Volkswagen Jetta 1,8i :8,2
Volkswagen Jetta 1,9TDi :5,7
 Volkswagen Jetta 2,0FSi :9,5
 Volkswagen Jetta 2,0i 85 :8,9
 Volkswagen Jetta 2,0TDi :6,7
 Volkswagen Jetta 2,5i (6АКПП) :10,9
Volkswagen LT28HD 2,5TDi (iг.п.=3,727) :10,3
Volkswagen LT28 2,4D 55 :9,7
 Volkswagen Lupo 1,0i 37 :5,5
 Volkswagen Lupo 1,4MPi :6,8
 Volkswagen Multivan 1,9TD :8,6
 Volkswagen Multivan 2,0i 85 :11,7
Volkswagen Multivan 2,4D 57 :9,4
 Volkswagen Multivan 2,5i 81:11,4
 Volkswagen Multivan 2,5i Syncro :13,8
 Volkswagen Multivan 2,5TDi 75 :9,8
 Volkswagen Multivan 2,5TDi 96 :8,8
Volkswagen Multivan 2,5TDi 110 :9
 Volkswagen Multivan 2,5TDi (6АКПП) 96 :9,6
 Volkswagen Multivan 2,5TDi (6АКПП) 128 :9,9
 Volkswagen Multivan 2,5TDi 4Motion 96 :9,6
Volkswagen Multivan 2,5TDi 4Motion 128 :9,9
Volkswagen Multivan 2,5TDi Syncro :10,1
Volkswagen Multivan 2,5TDi, Comfortline :9,3
 Volkswagen Multivan 2,8i 150 :13,5
 Volkswagen Multivan 2,8i 103 :14,3
Volkswagen Multivan T5 2,5TDi Syncro :9,9
Volkswagen Multivan T5 3,2i :14,3
Volkswagen Multivan T5 3,2i 4 Motion :14,7
Volkswagen Multivan T5 3,2i :14,3
 Volkswagen Multivan T5 KR 2,0BiTDi :9,1
Volkswagen Multivan T5 KR 2,0BiTDi (7АКПП) :9,6
 Volkswagen Multivan T5 KR 2,0BiTDi (7АКПП) 4Motion :10,1
Volkswagen Multivan T5 KR 2,0BiTDi 4Motion :9,6
 Volkswagen Multivan T5 KR 2,0TDi 103 8,6 Д :8,6
 Volkswagen Multivan T5 KR 2,0TDi 4Motion :8,9
 Volkswagen Multivan T5 LR 2,0BiTDi (7АКПП) :9,8
 Volkswagen Multivan T5 LR 2,0BiTDi (7АКПП) 4Motion :10,3
Volkswagen Multivan T5 LR 2,0BiTDi 4Motion :9,8
 Volkswagen Multivan T5 LR 2,0TDi :8,7
 Volkswagen Passat 1,4TSi:7,6
 Volkswagen Passat 1,6 :8,1
 Volkswagen Passat 1,6D :6,7
Volkswagen Passat 1,6FSi 85 :8,2
 Volkswagen Passat 1,6i 74:9
Volkswagen Passat 1,8 55 :8,6
Volkswagen Passat 1,8 66 :8,7
 Volkswagen Passat 1,8i 92:10,5
 Volkswagen Passat 1,8Ti 110 :10,6
 Volkswagen Passat 1,8Ti 118 :11,1
 Volkswagen Passat 1,9 85 :9,1
 Volkswagen Passat 1,9D 47 :6,8
 Volkswagen Passat 1,9D :6,8
 Volkswagen Passat 1,9TD :7,1
Volkswagen Passat 1,9TDi 74 :6,5
 Volkswagen Passat 1,9TDi 77:6,6
 Volkswagen Passat 1,9TDi 81 :6,8
 Volkswagen Passat 1,9TDi 96 :7,2
 Volkswagen Passat 1,9TDi 4Motion:7,4
 Volkswagen Passat 2,0i 85 :9,6
 Volkswagen Passat 2,0i 100:9,7
 Volkswagen Passat 2,0i 20V :9,5
 Volkswagen Passat 2,0i Syncro :10,3
 Volkswagen Passat 2,0TDi 4Motion :7,3
 Volkswagen Passat 2,0TFSi :10,5
 Volkswagen Passat 2,3i :10,7
Volkswagen Passat 2,3i V5 :11,5
Volkswagen Passat 2,5TDi 110:8,2
 Volkswagen Passat 2,5TDi :8,7
 Volkswagen Passat 2,5TDi (5АКПП):9
 Volkswagen Passat 2,8i 128 :11,9
 Volkswagen Passat 2,8i 142 :12,3
 Volkswagen Passat 2,8i 4Motion :12,4
Volkswagen Passat 2,8i Syncro  :13,5
 Volkswagen Passat 4,0i W8 4Motion:14,7
Volkswagen Passat B4 2,0i :10,6
Volkswagen Passat B6 1,8TFSi :7,6
Volkswagen Passat B6 1,8TSi :9,3
Volkswagen Passat B6 1,9TDi:6,6
Volkswagen Passat B6 2,0FSi :10
Volkswagen Passat B6 2,0FSi 4Motion :10,5
Volkswagen Passat B6 2,0TDi :6,9
 Volkswagen Passat B6 2,0TDi, Comfortline :6,9
Volkswagen Passat B6 3,2FSi 4WD :11,9
 Volkswagen Passat CC 2,0TDi (6АКПП):6,9
Volkswagen Passat GP 2,3i V5 :11,5
Volkswagen Passat GP 2,8i :11,9
 Volkswagen Passat Variant 1,8T :10,9
Volkswagen Passat Variant 1,9TDi 74 :6,5
 Volkswagen Passat Variant 1,9TDi 85 :6,7
 Volkswagen Passat Variant 1,9TDi 96 :7,2
Volkswagen Passat Variant 2,0FSi 4Motion :10,5
Volkswagen Passat Variant B3 1,8 :8,7
Volkswagen Passat Variant B4 1,6i:9
 Volkswagen Phaeton 3,0TDi (6АКПП):10,3
 Volkswagen Phaeton 3,2i :13,3
 Volkswagen Phaeton 4,2i (6АКПП) 4WD :14,7
Volkswagen Phaeton 5,0TDi (6АКПП) 230 :12,5
Volkswagen Polo 1,0i 37 :6
Volkswagen Polo 1,2i 40 :6,7
 Volkswagen Polo 1,2i 47 :6,8
 Volkswagen Polo 1,4i 44 :7,6
 Volkswagen Polo 1,4i 55:7,1
Volkswagen Polo 1,4i 59:7,1
Volkswagen Polo 1,4TDi :4,8
Volkswagen Polo 1,6i, Classic :7,9
 Volkswagen Polo 1,9SDi :5
Volkswagen Polo 1,9TDi :6,6
 Volkswagen Polo Variant 1,6i:8,1
Volkswagen Routan SE 3,8i (6АКПП)  :14,4
Volkswagen Santana 2,0 :9,7
 Volkswagen Sharan 1,8Ti :11,6
Volkswagen Sharan 1,9TDi 81 :8
Volkswagen Sharan 1,9TDi 85 :8,1
Volkswagen Sharan 1,9TDi 4WD :8,6
Volkswagen Sharan 1,9TDi-PD :8,6
Volkswagen Sharan 2,0i 85 :11,8
Volkswagen Sharan 2,8i 150:12,4
Volkswagen Sharan 2,8i Syncro 150:16,1
 Volkswagen Sharan 2,8i Syncro 128:15,2
Volkswagen Sharan 2,8i, Carat:14,1
 Volkswagen Shuttle 3,2FSi 4 Motion :14,7
Volkswagen Shuttle T5 2,5TDi :8,8
Volkswagen Tiguan 2,0TDi (6АКПП) AWD :8,7
Volkswagen Tiguan 2,0TDi AWD :7,8
Volkswagen Touareg 3,2i (6АКПП) 4WD :15,5
 Volkswagen Touareg 2,5TDi 4WD :9,7
 Volkswagen Touareg 3,0TDi (6АКПП) AWD :11,2
 Volkswagen Touareg 3,0TDi 4WD :10,9
 Volkswagen Touareg 3,2i 4WD:13,8
Volkswagen Touareg 3,6FSi 4WD :14
Volkswagen Touareg 4,2i V8 4Motion 228:15,3
 Volkswagen Touareg 4,9TDi V10 230 :13,5
Volkswagen Touareg VRG 3,2i 24V 4WD :13,6
 Volkswagen Touran 1,4TSI :7,8
Volkswagen Touran 1,6i 75 :7,9
Volkswagen Touran 1,6i 85 :7,9
Volkswagen Touran 1,9TDi, Conceptline, Cross, Trendline :6,7
 Volkswagen Touran 2,0FSi :10
Volkswagen Touran 2,0TDi 100 :7,2
 Volkswagen Touran 2,0TDi 103:7,2
 Volkswagen Touran Trendline 1,9TDi :6,7
 Volkswagen Transporter 1,6 :8
 Volkswagen Transporter 1,6D :8
 Volkswagen Transporter 1,6TD:8,6
 Volkswagen Transporter 1,7D :8,2
 Volkswagen Transporter 1,9D 45 :8,3
 Volkswagen Transporter 1,9TDi 50 :8,6
 Volkswagen Transporter 1,9TDi 77 :8,1
Volkswagen Transporter 1,9TDi 63 :8,3
 Volkswagen Transporter 2,0 :12,8
Volkswagen Transporter 2,1 :12,2
Volkswagen Transporter 2,4D :10
 Volkswagen Transporter 2,5i:12,4
 Volkswagen Transporter 2,5i (4АКПП):15,9
 Volkswagen Transporter 2,5TDi 65 :9,6
 Volkswagen Transporter 2,5TDi 75 :9,8
 Volkswagen Transporter 2,5TDi 110 :9
 Volkswagen Transporter 2,5TDi 128 :9,3
 Volkswagen Transporter 2,5TDi Syncro :10,6
 Volkswagen Transporter 3,2i :14,3
 Volkswagen Transporter LR 1,9TDi :8,5
 Volkswagen Transporter LR 2,0i :11,7
 Volkswagen Transporter Shuttle 2,0i :11,7
 Volkswagen Transporter Shuttle 2,5TDi 4Motion :9,9
Volkswagen Transporter Shuttle LR 3,2i:14,3
 Volkswagen Transporter T4 2,0i :13,5
Volkswagen Transporter T4 2,5i Syncro :13,8
 Volkswagen Transporter T5 KR 1,9TDi, Shuttle :8,1
 Volkswagen Transporter T5 2,5TDi 4Motion :9,9
Volkswagen Transporter T5 2,5TDi, KR, Shuttle :8,8
Volkswagen Transporter T5 KR 2,0TDi 103 :8,4
 Volkswagen Transporter T5 KR 2,0TDi 75:8,2
 Volkswagen Transporter T5 LR 2,0TDi :8,4
 Volkswagen Vento 1,8 :8,6
Volkswagen Vento 1,8i :8,5
Volkswagen Vento 1,9TD :7
 Volkswagen Vento 1,9TDi, CL :6,9
Volkswagen Vento 2,0i, GL :9,4
Volvo 245 :10,6
 Volvo 344 2,0 :9,7
 Volvo 360 2,0 :8,4
 Volvo 440 1,9TD :5,2
 Volvo 440GL 1,7 :8,6
 Volvo 440GLE 2,0 :9,7
 Volvo 440Gli 1,8 :8,8
 Volvo 460GLE 2,0i :9
 Volvo 740 2,4D :7,6
Volvo 740GL 2,3 :12,4
 Volvo 740GL 2,3i :12,1
 Volvo 740GL 2,4TD 90 :8,6
 Volvo 760GLE 2,4TD :9,1
Volvo 760GLE 2,8i :11,9
Volvo 850 2,3i T5 :11,9
 Volvo 850GLE 2,4i 103:10,9
 Volvo 850GLT 2,4i :10,9
 Volvo 850SE 2,5i :10,9
 Volvo 854 :11
 Volvo 940 2,3i :11,4
 Volvo 940 2,3Ti :12,2
 Volvo 940GL 2,4TD:8,6
 Volvo 940GLE 2,0i :9,9
 Volvo 960 2,5i  :11,9
 Volvo 960 3,0i:12,3
 Volvo 960 3,0i Royal:12,4
 Volvo S40 1,6i 79:8,1
 Volvo S40 1,6i 74:7,6
 Volvo S40 1,8i :8,3
 Volvo S40 1,8i :8,9
 Volvo S40 1,8i :8,9
 Volvo S40 2,0i :10,3
 Volvo S60 2,4i 75 :10,4
 Volvo S60 2,4i 103 :10,2
 Volvo S60 2,4i 125 :10,6
Volvo S60 2,4TDi :7,6
Volvo S60 2,4Ti 147 :11,9
 Volvo S70 2,0i (4АКПП) :10,9
 Volvo S70 2,3iT :12,3
 Volvo S70 2,4Ti (4АКПП) :11,9
 Volvo S70 2,5i :12,1
 Volvo S70 2,5TDi :8,6
Volvo S70 2,5TDi:8,6
Volvo S80 1,6D DRIVe:6,5
 Volvo S80 2,0i :9,1
 Volvo S80 2,0Ti :9,7
Volvo S80 2,4i:10,9
Volvo S80 2,4TDi (5АКПП) :8
 Volvo S80 2,5TD :8,6
 Volvo S80 2,5Ti :10,9
 Volvo S80 2,5Ti :11,1
Volvo S80 2,5Ti :10,6
 Volvo S80 2,5Ti (5АКПП) AWD :12,5
 Volvo S80 2,5Ti (6АКПП) :11,4
 Volvo S80 2,8T T6 :13,2
 Volvo S80 2,9i :12
 Volvo S80 3,0Ti T6 (6АКПП) AWD :12,4
 Volvo S80 3,2i AWD :11,9
 Volvo S80 4,4i AWD:13,8
 Volvo S80 D5 2,4TD (6АКПП):8
 Volvo S90 3,0i :12,1
 Volvo V40 1,6i:8,1
 Volvo V40 1,8i 16V :8,5
 Volvo V40 1,9D :7
 Volvo V40 1,9TD :6,2
 Volvo V40 1,9TD :6,5
 Volvo V40 1,9TD :6,7
 Volvo V40 1,9Ti :10,8
Volvo V50 2,4 D5 (5АКПП) :7,2
 Volvo V70 2,4i :11
Volvo V70 2,4TD (6АКПП) :8,4
 Volvo V70XC 2,4i AWD :12,8
 Volvo V70XC 2,4TD AWD:8,6
 Volvo XC60 2,4TD (6АКПП) AWD :9
 Volvo XC60 2,4TD (6АКПП) AWD :9,3
 Volvo XC60 2,4TD AWD :8,4
Volvo XC60 3,0i (6АКПП) AWD:12,4
 Volvo XC70 2,4TD D5 (6АКПП) AWD :9,3
 Volvo XC70 2,5Ti AWD :11
 Volvo XC70 3,2i (6АКПП) AWD :11,9
 Volvo XC90 2,4TD AWD:9,2
 Volvo XC90 2,4TD D5 (6АКПП) AWD :10,8
 Volvo XC90 2,5Ti AWD :11,6
 Volvo XC90 2,9BiT T6 AWD 200 :12,5
 Volvo XC90 3,2i AWD :12,8
 Volvo XC90 4,4i AWD :13,9
Volvo XC90 4,4i V8 AWD:13,9
 Wartburg 1,3 :7,1
ZAZ Sens 1,3i:7,2
АРО-243 (дв. ЗМЗ-24) :16,2
 АРО-244 (дв. D-127) :7,7
 ВАЗ-1111 (дв. ВАЗ-1111) :6,5
 ВАЗ-11173 1,6i (дв. ВАЗ-21114, -21124):7,5
 ВАЗ-11174-110-30 (дв. ВАЗ-11194, 1,4i) :7,5
 ВАЗ-11183, -11183-210-20, -11183-11020, 11183-110-30 (дв. ВАЗ-21114, 21114-50) :8,9
 ВАЗ-11184 (дв. ВАЗ-11194, 1,4i) :7
 ВАЗ-11193-110-20 (дв. ВАЗ-21114, 1,6i) :7,5
 ВАЗ-11194 (дв. ВАЗ-11194):7
 ВАЗ-2101 (дв. ВАЗ-2105):9,7
 ВАЗ-2101, -21011, -21013, -21016, 2102 -21021 -21023 -21033 -21035, 2104 -2105 -21051 -21063 21072 (дв. ВАЗ-2101, -21011) :8,1
 ВАЗ-2103, -21043, -21053, -21061, 2107, -2110 (дв. ВАЗ-2103, -2105) :8,3
 ВАЗ-21041-20, -030, -282-20 (дв. ВАЗ21067, 1,6i) :9
 ВАЗ-21043 (дв. ВАЗ-2103) :9,9
 ВАЗ-21044 (дв. ВАЗ-21073):8,4
 ВАЗ-21045 (дв. ВАЗ 341 Барнаул) :6,2
 ВАЗ-2105 (дв. ВАЗ-2106):8,7
 ВАЗ-21053 (дв. ВАЗ-2103) :11,4
 ВАЗ-21053, -2106, -21063, -21074 (дв. ВАЗ-2105, -2106) :8,7
 ВАЗ-2106 (дв. ВАЗ-2106) :11,8
 ВАЗ-21061 (дв. ВАЗ-2103) :11,4
 ВАЗ-21062 (дв. ВАЗ-2103):8,5
 ВАЗ-21063 (дв. ВАЗ-2105):9,3
 ВАЗ-21065 (дв. ВАЗ-2103) :8,3
 ВАЗ-21065 (дв. ВАЗ-2106) :8,3
 ВАЗ-2107 (дв. ВАЗ-2103):8,3
 ВАЗ-2107, -045-01 (дв. ВАЗ-2104, 1,5i) :7,9
ВАЗ-21070, -110, -120-20 1,5i (дв. ВАЗ-2104) :7,9
ВАЗ-21070-120-21 1,5i (дв. ВАЗ-2104) :9,1
 ВАЗ-21073 (дв. ВАЗ-2106):8,7
 ВАЗ-21073 (дв. ВАЗ-21073) :9,4
 ВАЗ-21074 (дв. ВАЗ-2103) :9,9
 ВАЗ-21074 (дв. ВАЗ-2106):10,1
ВАЗ-21074 1,6i (дв. ВАЗ-21067) :7,9
 ВАЗ-2108, –2109 (дв. ВАЗ-2108) :7,6
 ВАЗ-21081, –21091 (дв. ВАЗ-21081) :7,6
 ВАЗ-21083, –21093, –21093-02, 21093-03, –21099 (дв. ВАЗ-21083) :7,8
 ВАЗ-2109 (дв. ВАЗ-2108) :8,9
 ВАЗ-21093 (дв. ВАЗ-2111) :7,8
ВАЗ-21099 (дв. ВАЗ-21083):10,9
 ВАЗ-21099 (дв. ВАЗ-2111) :7,9
 ВАЗ-21100 (дв. ВАЗ-21083):9,5
 ВАЗ-21101, -21101-01, -21101-110-01 (дв. ВАЗ-21114, 1,6i) :8,6
 ВАЗ-21102 (дв. ВАЗ-2111) :8,8
 ВАЗ-21103 (дв. ВАЗ-2112):8,2
 ВАЗ-21104, -21104-01, -21104-02, 21104-126-52 (дв. ВАЗ-2112, 21124) :7,5
 ВАЗ-21108 (дв. ВАЗ-21128):7,6
 ВАЗ-2111, -21110 (дв. ВАЗ-21083, 21083-80) :8
 ВАЗ-21110 (дв. ВАЗ-2111) :8,8
 ВАЗ-21112, -21112-01,-21112-125-51 (дв. ВАЗ-21114, 2111) :7,5
 ВАЗ-21113 (дв. ВАЗ-2112):8,2
 ВАЗ-21114, -21114-01, -21114-02, 42517 (дв. ВАЗ-21124) :7,5
 ВАЗ-21120 (дв. ВАЗ-2112) :7,5
 ВАЗ-21121, -21121-01, 21121-110-01 (дв. ВАЗ-21114) :7,5
ВАЗ-21122 (дв. ВАЗ-2111):7,9
 ВАЗ-21124, -21124-02 (дв. ВАЗ-21124, 2112):8,6
 ВАЗ-21140 1,5i (дв. ВАЗ-21083) :7,9
ВАЗ-2114-110-22, -21140, -21144, 21274:7,6
 ВАЗ-21150, -21150-20 (дв. ВАЗ-21083, -2111, 1,5i) :9
 ВАЗ-2115-20 (дв. ВАЗ-2111) :7,9
 ВАЗ-21154, -21154-110-20, -21154-110-22 (дв. ВАЗ-11183, 1,6i) :7,6
ВАЗ-2120, -21212 (дв. ВАЗ-2130) 4WD :12,3
 ВАЗ-2121 «Нива», -21211 (дв. ВАЗ-2121) 4WD :11,4
 ВАЗ-21213 (дв. ВАЗ-2107) 4WD :12,9
ВАЗ-21213 (дв. ВАЗ-21213, 1,7i) 4WD :12,9
 ВАЗ-21213 (дв. ВАЗ-21213) 4WD :11,6
 ВАЗ-21214, -21214-126-20 (дв. ВАЗ-21214-10, 1,7i) 4WD :11,6
 ВАЗ-2123 (дв. ВАЗ-2123) 4WD :10,5
 ВАЗ-2131, -21310 (дв. ВАЗ-2130) 4WD :12,4
 ВАЗ-2131, -21310, -21310-120 (дв. ВАЗ-21214, 1,7i) 4WD :11,6
 ВАЗ-21310 (дв. ВАЗ-21213) 4WD :11,6
ВАЗ-21312 (дв. ВАЗ-2130) 4WD :12,1
 ВАЗ (LADA) -21703, -21703-110-01 (дв. ВАЗ-21126, 1,6i) :8,1
 ВАЗ-21723 1,6i (дв. ВАЗ-21126) :8,1
 ГАЗ-13 (дв. ЗМЗ-13) :19
 ГАЗ-14 (дв. ЗМЗ-14) :20,9
 ГАЗ-2217 «Баргузин» (дв. ЗМЗ-40522) :12,5
 ГАЗ-2217 «Баргузин» (дв. ЗМЗ-40630) :14,2
 ГАЗ-2217 (дв. Chrysler 2,4L) :12
 ГАЗ-2217 (дв. ГАЗ-560) :10,3
 ГАЗ-2217 (дв. ЗМЗ-40522А) :14,3
 ГАЗ-2217 (дв. ЗМЗ-405240) :12,5
ГАЗ-2217 (дв. ЗМЗ-4063OD) :13,4
 ГАЗ-2217, -22171, -22171-404 (дв. ЗМЗ-405220, -40522, -40522А, -40522P, -40522R, -40522S, -40522T) :12,5
 ГАЗ-22171 (дв. Chrysler 2,4L) :12
 ГАЗ-22171 (дв. ГАЗ-560):10,3
 ГАЗ-22171 (дв. ЗМЗ-4063ОC, -4063.10) :14,8
 ГАЗ-22171 (дв. ЗМЗ-4063ОD):14,6
ГАЗ-2217-104 «Баргузин» (дв. ЗМЗ-40630) :14,8
ГАЗ-22171, -288 «Бизнес» (дв. УМЗ-421600) :13,5
ГАЗ-2217, -288 «Бизнес» (дв. УМЗ-421600) :13,5
 ГАЗ-24, -24-01, -24-02, -24-04, -24Т:12,4
 ГАЗ-24-01М :12,2
 ГАЗ-24-03 :12,8
 ГАЗ-24-07, -24-25 :15,7
ГАЗ-24-10 :11,7
ГАЗ-2410 (дв. ЗМЗ-402) :14,6
ГАЗ-24-11:12,1
ГАЗ-24-12, -24-13 (дв. ЗМЗ-402, 402.10) :12,8
ГАЗ-24-12, -24-13 (дв. ЗМЗ 4021, 4021.10) :13,3
 ГАЗ-24-14 :12,8
 ГАЗ-24-17 :17,1
 ГАЗ-24-60 :12,4
 ГАЗ-3102 (дв. Chrysler 2,4L) :10
 ГАЗ-3102 (дв. Rover 20T4):9,2
 ГАЗ-3102 (дв. Toyota, 3,4i) :11,9
ГАЗ-3102 (дв. ЗМЗ-402) :12,5
 ГАЗ-3102 (дв. ЗМЗ-4020ОМ) :12,5
 ГАЗ-3102 (дв. ЗМЗ-4021) :12,3
 ГАЗ-3102 (дв. ЗМЗ-4022.10):13,3
 ГАЗ-3102 (дв. ЗМЗ-40621A) :9,9
 ГАЗ-3102 2,0i (дв. Rover 20T4H958) :10,1
ГАЗ-3102, -121 (дв. ЗМЗ-4062; 4062OD) :9,9
 ГАЗ-31022, -310221 (дв. ЗМЗ-402) :12,7
 ГАЗ-310221 (дв. ЗМЗ-40621А) :9,9
 ГАЗ-310221-441 (дв. ЗМЗ 4021):13
 ГАЗ-31029 (дв. 24Д/24-01) :16,3
 ГАЗ-31029 (дв. ЗМЗ-402, -402.10):12,1
 ГАЗ-31029 (дв. ЗМЗ-4021)  :12,3
ГАЗ-3110 (дв. Toyota 5L-T ) :9
 ГАЗ-3110 (дв. ГАЗ-560) :8,7
ГАЗ-3110 (дв. ЗМЗ-402, -4020ОМ, 4021) :12,2
ГАЗ-3110 (дв. ЗМЗ-4022.10, -4026.10) :12,4
 ГАЗ-3110 (дв. ЗМЗ-4063ОА) :10
ГАЗ-3110, -3110-101, -311001 (дв. ЗМЗ-4062, -4062ОD, -4062OF) :9,9
ГАЗ-3110-305 (дв. ЗМЗ-4020ОМ) :12,2
ГАЗ-31105 (дв. ЗМЗ-4021, -4021ОD) :10,9
 ГАЗ-31105 (дв. ЗМЗ-405240) :10
ГАЗ-31105 (дв. ЗМЗ-40621, -40621A) :9,9
ГАЗ-31105 2,7i (дв. Toyota 3RZ-FE) :10,3
ГАЗ-31105, -31105-120 (дв. ЗМЗ-4062, 4062OD) :12,1
ГАЗ-31105, -31105-120, -31105-583, 31105-593 (дв. Chrysler 2,4L) :11,9
ГАЗ-31105-501 (дв. Chrysler, 2,4i) :10
ГАЗ-31105-801 (дв. ЗМЗ-40621H) :10,1
ГАЗ-31113 (дв. ЗМЗ-405) :11,9
ГАЗ-3221 (дв. ГАЗ-560):10,2
ГАЗ-3221 (дв. ЗМЗ-405220, -40522А) :13
 ГАЗ-3221 (дв. ЗМЗ-40630А) :15,2
 ГАЗ-3221 (дв. УМЗ-4215С):15,5
 ГАЗ-3221, -322100 (дв. ЗМЗ-402.10, 4026, -4026OF) :17,6
ГАЗ-3221, -404 (дв. ЗМЗ-405240) :13
ГАЗ-322100 (дв. ЗМЗ-4025.10) :15,8
ГАЗ-322114 (дв. ЗМЗ-4063ОА) :15,2
 ГАЗ-3221, -288 «Бизнес» (дв. УМЗ-421600) :14,2
 ГАЗ-322132 (дв. ЗМЗ-4063, -4063ОА) :18,5
ГАЗ-32217 (дв. 406.30А) :15,8
 ГАЗ-3262 (дв. УМЗ-4215) :16,2
ЗИЛ-114 :22,8
ЗИЛ-117 :21,9
ЗИЛ-4104 :24,7
ИЖ-2126 (дв. УМЗ-331):9,8
ИЖ-2126 (дв. УМЗ-412-7) :8,6
ИЖ-2126-030 (дв. ВАЗ-2106):8,6
Люблин 3314 (дв. 4CTi90-1BE6) :11,3
М-2141201 (дв. УМЗ-331):10,5
М-21412-01 2,0 (дв. Renault) :10,6
МЗМА-2141 (дв. УМЗ-3313):10
МЗМА-412 (дв. 412Э) :13,1
Москвич-2141 (дв. Ford 1,8D) :7,4
Москвич-2141 (дв. УМЗ-3317):10,7
Москвич-2141-2-01 1,7 (дв. УМЗ-3317)  :9,8
Москвич-214136 (дв. УМЗ-331) :11,2
Москвич-412 1,7 (дв. УМПО-3317) :9,9
Москвич-412, 423, 424, 426, 427, 2136, 21403, 21406, 2125, 21251, 23553:10
СЕАЗ-11113 (дв. ВАЗ-11113):5,2
УАЗ-22069-04 (дв. УМЗ-4218ОА) 4WD :16,3
УАЗ-220692-04 (дв. ЗМЗ-410400) 4WD :15,5
УАЗ-220694-04 (дв. УМЗ-4213ОН) 4WD :15
УАЗ-3151 (дв. ЗМЗ-402.1) 4WD :15
УАЗ-31512 (дв. ЗМЗ-402) 4WD :17,5
УАЗ-31512, -01 (дв. УМЗ-4178) 4WD :15,2
УАЗ-31512 (дв. УМЗ-4178OB) 4WD :15,2
УАЗ-31512 (дв. УМЗ-4218.10) 4WD  :15
УАЗ-31514 (дв. ЗМЗ-40210) 4WD :14,8
УАЗ-31514 (дв. ЗМЗ-403) 4WD :15,2
УАЗ-31514 (дв. УМЗ-4178) 4WD:15,7
УАЗ-31514 (дв. УМЗ-4218.10) 4WD :15
УАЗ-31514 3 2,4TD 4WD :9,3
УАЗ-315142-012 (дв. ЗМЗ-4021OL)4WD  :14,8
УАЗ-315143-095 (дв. 4Ct 90-1ME) 4WD:9,3
УАЗ-315148-053, -095 (дв. ЗМЗ-5143, 5143.10) 4WD :9,6
УАЗ-31519 (дв. ОМ-616) 4WD :10,7
УАЗ-31519 (дв. УМЗ-4178ОВ) 4WD :14,3
УАЗ-31519, -017, -095-01 (дв. УМЗ-4218, -4218ОА) 4WD :15
УАЗ-315195, -030 (дв. ЗМЗ-4090OJ, :16,2
УАЗ-3153 (дв. УМЗ-4218) 4WD:14,3
УАЗ-31601 (дв. УМЗ-421.10-10) 4WD:16,1
УАЗ-31602 (дв. ЗМЗ-409) 4WD :14,4
УАЗ-31605 (дв. УМЗ-421300) 4WD:14,3
УАЗ-31622 2,7i (дв. ЗМЗ-409) 4WD :14,3
УАЗ-31625 (дв. УМЗ 4215) 4WD :17,3
УАЗ-3163, -010, -020, -030, -118, -230, :12,5
УАЗ-31631-332 2,3Hpi (дв. Iveco F1A, 85 kW) 4WD :10,8
УАЗ-390994 (дв. УМЗ-4213ОН) 4WD – 14,3 Б :14,3
УАЗ-3962 (дв. УМЗ-417-809, -4178) 4WD :20
УАЗ-39629 (дв. УМЗ-4218) 4WD:21,9
УАЗ-396294-016 (дв. УМЗ-4213ОН) 4WD :14,3
УАЗ-469 2,9 (дв. УМЗ-4218.10) 4WD :17,1
